date;year month;price_soybean;Brazil-Tmin;Brazil-Tmax;Brazil-T mean;Brazil-Precipitation;ARGENTINA-Tmin;ARGENTINA-Tmax;ARGENTINA T Mean;ARGENTINA Precipitation;Precipitation_USA;Avg_Temperature_USA;real_interest_rate;exp_infl_1year;china_gdp_pp;eur_gdp_pp;usa_gdp_pp;world_food_price_index;meat_price_index;DXY;price_gold;SP500;VIX;price_wti_oil;price_corn;price_wheat;SOYBEANS - USA PRODUCTION [mTons];SOYBEANS - India PRODUCTION [mTons];SOYBEANS - Brazil PRODUCTION [mTons];SOYBEANS - Argentina PRODUCTION [mTons];SOYBEANS - EU PRODUCTION [mTons];SOYBEANS - China PRODUCTION [mTons];SOYBEANS - USA Stocks [mTons]
07/01/1988;jul-88;787.5;;;;;;;;;51.562;25.39;4.43535;4.27011;;;;;;97.53;436.1;;;;;;42.153;1.547;23.6;9.9;;;8232
08/01/1988;ago-88;867.5;;;;;;;;;58.928;25.67;4.54274;4.36281;;;;;;;429.3;;;;;;42.153;1.547;23.6;9.9;;;8232
09/01/1988;sep-88;813;;;;;;;;;77.978;20.33;4.70786;4.41421;;;;;;97.69;394.4;;;;;;42.153;1.547;23.6;9.9;;;8232
10/03/1988;oct-88;789.25;;;;;;;;;52.07;9.28;4.46199;4.37206;;;;;;93.76;412.7;;;;;;42.153;1.547;23.6;9.9;;;37199
11/01/1988;nov-88;763.75;;;;;;;;;149.86;5.89;4.35872;4.25045;;;;;;90.53;410;;;;;;42.153;1.547;23.6;9.9;;;37199
12/01/1988;dic-88;819.25;;;;;;;;;85.852;-0.5;4.61794;4.46126;;;;;;92.5;;;;;;;42.153;1.547;23.6;9.9;;;37199
01/02/1989;ene-89;772.75;21.8;29;25.4;259;17.2;32.1;24.65;116;46.736;2.28;4.86319;4.48021;883.76;24854.1;39014.2;;;96.77;391.6;;;;;;52.354;1.806;20.34;6.5;;;24229
02/01/1989;feb-89;773.5;21.7;28.9;25.3;207;16.6;29.4;23;91.3;39.37;-5.83;4.73188;4.40077;;;;;;95.67;385.1;;;;;;52.354;1.806;20.34;6.5;;;24229
03/01/1989;mar-89;738.25;21.2;28.9;25.05;179;13.5;25.3;19.4;128.6;53.848;5.39;4.97372;4.53051;;;;;;98.14;;;;;;;52.354;1.806;20.34;6.5;;;24229
04/03/1989;abr-89;729.5;20.1;28.4;24.25;91;10.2;23.7;16.95;91.2;148.844;11.5;4.87105;4.70286;;;;;;97.71;377.9;;;;;;52.354;1.806;20.34;6.5;;;12642
05/01/1989;may-89;714;17.2;25.9;21.55;81;7.1;18.6;12.85;55.3;97.282;15.61;4.62966;4.85257;;;;;;;363.3;;;;;;52.354;1.806;20.34;6.5;;;12642
06/01/1989;jun-89;653.5;16.4;25.7;21.05;49;5.4;16;10.7;25.1;68.072;22.11;4.41117;4.38414;;;;;;102.02;374;;;;;;52.354;1.806;20.34;6.5;;;12642
07/03/1989;jul-89;578.75;16;26.1;21.05;30;3;14.2;8.6;23.8;38.862;24.33;4.00268;4.32661;;;;;;97.39;370.5;;;;;;52.354;1.806;20.34;6.5;;;4954
08/01/1989;ago-89;587.5;17.6;28.8;23.2;34;6.8;17.3;12.05;32;81.788;22.72;3.73935;4.12738;;;;;;102.28;360.8;;;;;;52.354;1.806;20.34;6.5;;;4954
09/01/1989;sep-89;568;19.6;30.4;25;92;5.4;18.1;11.75;57.3;131.572;17.5;4.27707;4.02127;;;;;;98.47;367.2;;;;;;52.354;1.806;20.34;6.5;;;4954
10/02/1989;oct-89;572.25;21.2;30.2;25.7;151;8.7;21.9;15.3;109;44.958;13.56;4.29718;4.22397;;;;;;98.07;374.7;;;;;;52.354;1.806;20.34;6.5;;;43837
11/01/1989;nov-89;582.75;21.2;29.2;25.2;173;11.7;27;19.35;102.1;26.416;5.89;4.03013;3.99881;;;;;;96.27;402.5;;;;;;52.354;1.806;20.34;6.5;;;43837
12/01/1989;dic-89;582.25;21.8;29.2;25.5;227;16.8;30.1;23.45;109;17.018;-7.39;4.02967;3.66036;;;;;;93.21;412.4;;;;;;52.354;1.806;20.34;6.5;;;43837
01/01/1990;ene-90;561;21.8;29;25.4;259;16.2;29.8;23;116;58.42;2.78;4.12762;4.15169;905.03;25633.65;39303.49;;;;406.1;;25.36;;;;52.416;2.602;15.75;10.7;;;28726
02/01/1990;feb-90;580.75;21.7;28.9;25.3;207;15.1;28.5;21.8;91.3;145.034;1.94;4.36693;4.43184;;;;;;93.96;370.2;;21.99;;;;52.416;2.602;15.75;10.7;;;28726
03/01/1990;mar-90;595;21.2;28.9;25.05;179;13.3;26.5;19.9;128.6;46.99;7.44;4.55197;3.99252;;;;;;93.69;;;19.73;;;;52.416;2.602;15.75;10.7;;;28726
04/02/1990;abr-90;648.5;20.1;28.4;24.25;91;10;22.3;16.15;91.2;61.976;11.22;4.55216;4.13479;;;;;;93.07;368.4;;19.52;;;;52.416;2.602;15.75;10.7;;;16218
05/01/1990;may-90;607.25;17.2;25.9;21.55;81;7.1;18.2;12.65;55.3;216.408;16;4.80506;4.2465;;;;;;92.98;364.3;;17.37;;;;52.416;2.602;15.75;10.7;;;16218
06/01/1990;jun-90;650.5;16.4;25.7;21.05;49;4;14.9;9.45;25.1;182.372;22.61;4.38261;4.19088;;;;;;91.15;357.9;;15.5;;;;52.416;2.602;15.75;10.7;;;16218
07/02/1990;jul-90;610;16;26.1;21.05;30;3;14.2;8.6;23.8;96.52;23.72;4.34182;4.07155;;;;;;87.17;370;;21.11;;;;52.416;2.602;15.75;10.7;;;6508
08/01/1990;ago-90;613.75;17.6;28.8;23.2;34;4.3;17;10.65;32;83.566;22.61;4.17053;4.12669;;;;;;86.61;382.3;;29.9;;;;52.416;2.602;15.75;10.7;;;6508
09/03/1990;sep-90;617.5;19.6;30.4;25;92;6.5;19.3;12.9;57.3;32.766;20.56;4.39874;4.73224;;;;;;86;402.5;;29.11;;;;52.416;2.602;15.75;10.7;;;6508
10/01/1990;oct-90;609.25;21.2;30.2;25.7;151;9.9;22.1;16;109;176.022;12.44;4.20054;5.0043;;;;;;;383.3;;30.04;;;;52.416;2.602;15.75;10.7;;;45830
11/01/1990;nov-90;589.5;21.2;29.2;25.2;173;12.7;25.8;19.25;102.1;84.074;9.22;4.05885;4.95942;;;;;;83;;;22.16;;;;52.416;2.602;15.75;10.7;;;45830
12/03/1990;dic-90;574.75;21.8;29.2;25.5;227;14.9;28.8;21.85;109;192.024;-0.83;3.89392;4.88768;;;;;;83.07;394.2;;26.38;;;;52.416;2.602;15.75;10.7;;;45830
01/01/1991;ene-91;566.75;21.8;29;25.4;259;16.2;29.8;23;116;46.482;-3.83;3.92293;4.073;975.46;26182.87;38739.8;;;81.93;367.4;;20.91;;;;54.065;2.492;19.3;10.8612;;;32390
02/01/1991;feb-91;588;21.7;28.9;25.3;207;15.1;28.5;21.8;91.3;7.62;2.17;3.90705;3.79181;;;;;;84.12;357.1;;21.23;;;;54.065;2.492;19.3;10.8612;;;32390
03/01/1991;mar-91;574.75;21.2;28.9;25.05;179;13.3;26.5;19.9;128.6;116.332;7.28;4.17584;3.78863;;;;;;92.04;;;16.88;;;;54.065;2.492;19.3;10.8612;;;32390
04/01/1991;abr-91;589.5;20.1;28.4;24.25;91;10;22.3;16.15;91.2;91.186;14.5;4.10983;3.75704;;;;;;91.59;355.9;;18.24;;;;54.065;2.492;19.3;10.8612;;;19691
05/01/1991;may-91;581.75;17.2;25.9;21.55;81;7.1;18.2;12.65;55.3;87.376;21.39;4.04992;3.64226;;;;;;93.13;361.4;;15.93;;;;54.065;2.492;19.3;10.8612;;;19691
06/03/1991;jun-91;536.75;16.4;25.7;21.05;49;4;14.9;9.45;25.1;21.59;24.61;4.18764;3.57658;;;;;;96.06;368.1;;19.55;;;;54.065;2.492;19.3;10.8612;;;19691
07/01/1991;jul-91;600.5;16;26.1;21.05;30;3;14.2;8.6;23.8;47.752;12.53;4.22225;3.84927;;;;;;;363.6;;15.18;;;;54.065;2.492;19.3;10.8612;;;8955
08/01/1991;ago-91;590.5;17.6;28.8;23.2;34;4.3;17;10.65;32;118.11;24.61;4.13992;3.7712;;;;;;93.49;348.1;;14.46;;;;54.065;2.492;19.3;10.8612;;;8955
09/02/1991;sep-91;587;19.6;30.4;25;92;6.5;19.3;12.9;57.3;51.308;20.06;3.8785;3.58586;;;;;;89.76;354;;15.85;;;;54.065;2.492;19.3;10.8612;;;8955
10/01/1991;oct-91;567;21.2;30.2;25.7;151;9.9;22.1;16;109;133.604;14.17;3.63786;3.59776;;;;;;89.93;367.9;;15.48;;;;54.065;2.492;19.3;10.8612;;;48246
11/01/1991;nov-91;557;21.2;29.2;25.2;173;12.7;25.8;19.25;102.1;62.738;3.78;3.56506;3.48628;;;;;;88.19;;;20.26;;;;54.065;2.492;19.3;10.8612;;;48246
12/02/1991;dic-91;557;21.8;29.2;25.5;227;14.9;28.8;21.85;109;67.818;1.44;3.41033;3.55256;;;;;;83.52;354.1;;19.31;;;;54.065;2.492;19.3;10.8612;;;48246
01/01/1992;ene-92;572;21.8;29;25.4;259;16.2;29.8;23;116;27.178;0.06;3.19854;3.27244;1100.64;26431.65;39552.02;;;87.49;;;17.4;;;;59.612;3.106;22.5;11.3081;;;32042
02/03/1992;feb-92;589.25;21.7;28.9;25.3;207;15.1;28.5;21.8;91.3;30.988;3.5;3.62829;3.34095;;;;;;88.99;352.7;;16.68;;;;59.612;3.106;22.5;11.3081;;;32042
03/02/1992;mar-92;588.25;21.2;28.9;25.05;179;13.3;26.5;19.9;128.6;67.818;7;3.66026;3.58706;;;;;;89.65;343.7;;16.18;;;;59.612;3.106;22.5;11.3081;;;32042
04/01/1992;abr-92;580.25;20.1;28.4;24.25;91;10;22.3;16.15;91.2;66.04;11.89;3.78986;3.36848;;;;;;89.62;337.6;;15.53;;;;59.612;3.106;22.5;11.3081;;;18933
05/01/1992;may-92;614;17.2;25.9;21.55;81;7.1;18.2;12.65;55.3;21.844;16.94;3.74617;3.40972;;;;;;87.22;336.4;;13.86;;;;59.612;3.106;22.5;11.3081;;;18933
06/01/1992;jun-92;618.75;16.4;25.7;21.05;49;4;14.9;9.45;25.1;79.502;21.33;3.56858;3.55473;;;;;;;343.1;;13.35;;;;59.612;3.106;22.5;11.3081;;;18933
07/01/1992;jul-92;552;16;26.1;21.05;30;3;14.2;8.6;23.8;424.688;23.33;3.3531;3.28007;;;;;;81.91;357.4;;13.17;;;;59.612;3.106;22.5;11.3081;;;7578
08/03/1992;ago-92;541;17.6;28.8;23.2;34;4.3;17;10.65;32;18.542;21.06;3.12482;3.11369;;;;;;78.87;344.5;;13.58;;;;59.612;3.106;22.5;11.3081;;;7578
09/01/1992;sep-92;540.75;19.6;30.4;25;92;6.5;19.3;12.9;57.3;71.374;18.72;2.95734;3.00563;;;;;;81.1;347.8;;14.28;;;;59.612;3.106;22.5;11.3081;;;7578
10/01/1992;oct-92;552.75;21.2;30.2;25.7;151;9.9;22.1;16;109;24.13;13.44;2.72804;2.95352;;;;;;87.58;;;16.15;;;;59.612;3.106;22.5;11.3081;;;49967
11/02/1992;nov-92;563.75;21.2;29.2;25.2;173;12.7;25.8;19.25;102.1;230.378;5.22;3.32463;3.08306;;;;;;90.85;334.3;;13.01;;;;59.612;3.106;22.5;11.3081;;;49967
12/01/1992;dic-92;574.25;21.8;29.2;25.5;227;14.9;28.8;21.85;109;76.2;0;3.50969;3.01223;;;;;;92.36;330.2;;12.57;;;;59.612;3.106;22.5;11.3081;;;49967
01/01/1993;ene-93;574;21.8;29;25.4;259;16.2;29.8;23;116;108.458;-2;3.26791;3.04627;1239.13;26149.86;40108.01;;;92.45;328.4;;12.42;;;;50.885;4;24.7;11.0434;;;33082
02/01/1993;feb-93;580;21.7;28.9;25.3;207;15.1;28.5;21.8;91.3;73.66;12.53;3.00479;2.91467;;;;;;91.9;337.6;;13.16;;;;50.885;4;24.7;11.0434;;;33082
03/01/1993;mar-93;588.25;21.2;28.9;25.05;179;13.3;26.5;19.9;128.6;56.388;3.28;2.67342;2.9762;;;;;;;;;12.53;;;;50.885;4;24.7;11.0434;;;33082
04/01/1993;abr-93;591.25;20.1;28.4;24.25;91;10;22.3;16.15;91.2;130.556;11;2.77452;2.90801;;;;;;89.52;356.5;;12.42;;;;50.885;4;24.7;11.0434;;;18599
05/03/1993;may-93;608.5;17.2;25.9;21.55;81;7.1;18.2;12.65;55.3;41.148;18.17;2.66472;2.82277;;;;;;89.02;378.3;;13.47;;;;50.885;4;24.7;11.0434;;;18599
06/01/1993;jun-93;658.5;16.4;25.7;21.05;49;4;14.9;9.45;25.1;104.648;22.33;2.76124;2.81073;;;;;;93.63;378.4;;11.26;;;;50.885;4;24.7;11.0434;;;18599
07/01/1993;jul-93;688;16;26.1;21.05;30;3;14.2;8.6;23.8;178.562;25.33;2.5918;2.82048;;;;;;95.37;407;;11.73;;;;50.885;4;24.7;11.0434;;;7955
08/02/1993;ago-93;663.5;17.6;28.8;23.2;34;4.3;17;10.65;32;116.332;24.39;2.7029;2.83092;;;;;;93.95;373;;11.85;;;;50.885;4;24.7;11.0434;;;7955
09/01/1993;sep-93;629.75;19.6;30.4;25;92;6.5;19.3;12.9;57.3;198.882;16.89;2.45058;2.68603;;;;;;92.81;355.1;;12.99;;;;50.885;4;24.7;11.0434;;;7955
10/01/1993;oct-93;629.5;21.2;30.2;25.7;151;9.9;22.1;16;109;80.264;12;2.39884;2.76981;;;;;;95.08;369.8;;11.46;;;;50.885;4;24.7;11.0434;;;42827
11/01/1993;nov-93;671.5;21.2;29.2;25.2;173;12.7;25.8;19.25;102.1;95.25;4.83;2.5623;2.80569;;;;;;;390.8;;13.76;;;;50.885;4;24.7;11.0434;;;42827
12/01/1993;dic-93;712.5;21.8;29.2;25.5;227;14.9;28.8;21.85;109;26.162;0.11;2.72012;2.66187;;;;;;96.84;;;11.66;;;;50.885;4;24.7;11.0434;;;42827
01/03/1994;ene-94;686.75;21.8;29;25.4;259;16.2;29.8;23;116;32.258;-5.22;2.77268;2.85465;1384.93;26715.39;41215.34;;;95.59;381.6;;10.63;;;;68.444;3.236;25.9;11.7199;;;27804
02/01/1994;feb-94;683.75;21.7;28.9;25.3;207;15.1;28.5;21.8;91.3;21.336;-1.78;2.62017;2.80426;;;;;;94.55;391.8;;14.87;;;;68.444;3.236;25.9;11.7199;;;27804
03/01/1994;mar-94;681.75;21.2;28.9;25.05;179;13.3;26.5;19.9;128.6;29.972;5.78;2.9712;3.27245;;;;;;93.06;;;20.45;;;;68.444;3.236;25.9;11.7199;;;27804
04/01/1994;abr-94;676.5;20.1;28.4;24.25;91;10;22.3;16.15;91.2;149.352;12.22;3.65918;3.21953;;;;;;92.12;376.6;;13.77;;;;68.444;3.236;25.9;11.7199;;;15112
05/02/1994;may-94;701;17.2;25.9;21.55;81;7.1;18.2;12.65;55.3;88.138;16.39;3.62458;3.24348;;;;;;92.52;387.1;;13.03;;;;68.444;3.236;25.9;11.7199;;;15112
06/01/1994;jun-94;628.75;16.4;25.7;21.05;49;4;14.9;9.45;25.1;99.314;23.61;3.59357;3.42293;;;;;;89.62;385.8;;14.97;;;;68.444;3.236;25.9;11.7199;;;15112
07/01/1994;jul-94;565.75;16;26.1;21.05;30;3;14.2;8.6;23.8;62.992;23.78;3.78642;3.28488;;;;;;89.87;383;;11.13;;;;68.444;3.236;25.9;11.7199;;;5691
08/01/1994;ago-94;573.75;17.6;28.8;23.2;34;4.3;17;10.65;32;127;22;3.58028;3.28824;;;;;;;386.3;;11.97;;;;68.444;3.236;25.9;11.7199;;;5691
09/01/1994;sep-94;536;19.6;30.4;25;92;6.5;19.3;12.9;57.3;60.452;18.67;3.6371;3.25156;;;;;;87.88;394.2;;14.28;;;;68.444;3.236;25.9;11.7199;;;5691
10/03/1994;oct-94;554;21.2;30.2;25.7;151;9.9;22.1;16;109;73.66;14.28;3.95662;3.49838;;;;;;85.69;383.5;;14.56;;;;68.444;3.236;25.9;11.7199;;;57206
11/01/1994;nov-94;563.5;21.2;29.2;25.2;173;12.7;25.8;19.25;102.1;73.66;8.5;4.10325;3.57385;;;;;;89.13;383.1;;15.95;;;;68.444;3.236;25.9;11.7199;;;57206
12/01/1994;dic-94;561.5;21.8;29.2;25.5;227;14.9;28.8;21.85;109;48.006;2.78;4.11695;3.90722;;;;;;88.72;;;13.2;;;;68.444;3.236;25.9;11.7199;;;57206
01/02/1995;ene-95;547.5;21.8;29;25.4;259;16.2;29.8;23;116;76.708;-3.11;4.24429;3.70017;1520.03;27291.62;41820.68;;;87.99;375.4;;11.96;;;;59.174;4.476;24.15;12.133;;;37291
02/01/1995;feb-95;564.75;21.7;28.9;25.3;207;15.1;28.5;21.8;91.3;8.636;-0.61;4.055;3.56372;;;;;;85.93;392.2;;11.75;;;;59.174;4.476;24.15;12.133;;;37291
03/01/1995;mar-95;574;21.2;28.9;25.05;179;13.3;26.5;19.9;128.6;85.852;6.89;3.72099;3.47413;;;;;;81.9;;;13.37;;;;59.174;4.476;24.15;12.133;;;37291
04/03/1995;abr-95;580;20.1;28.4;24.25;91;10;22.3;16.15;91.2;100.076;11.22;3.65493;3.46442;;;;;;81.8;387;;11.75;;;;59.174;4.476;24.15;12.133;;;21551
05/01/1995;may-95;580.75;17.2;25.9;21.55;81;7.1;18.2;12.65;55.3;246.38;16.06;3.42048;3.46624;;;;;;;385.1;;13.77;;;;59.174;4.476;24.15;12.133;;;21551
06/01/1995;jun-95;595;16.4;25.7;21.05;49;4;14.9;9.45;25.1;51.308;22.67;2.90471;3.05712;;;;;;81.58;384.9;;11.38;;;;59.174;4.476;24.15;12.133;;;21551
07/03/1995;jul-95;614;16;26.1;21.05;30;3;14.2;8.6;23.8;41.656;25.11;2.93803;3.25678;;;;;;81.57;382.3;;13.49;;;;59.174;4.476;24.15;12.133;;;9112
08/01/1995;ago-95;623;17.6;28.8;23.2;34;4.3;17;10.65;32;42.672;26.83;3.14849;3.26756;;;;;;85.57;382.9;;11.52;;;;59.174;4.476;24.15;12.133;;;9112
09/01/1995;sep-95;646;19.6;30.4;25;92;6.5;19.3;12.9;57.3;29.972;18.33;3.0176;3.20992;;;;;;84.29;383.8;;12.74;;;;59.174;4.476;24.15;12.133;;;9112
10/02/1995;oct-95;684.5;21.2;30.2;25.7;151;9.9;22.1;16;109;90.678;13.78;3.00973;3.131;;;;;;83.66;383;;13.83;;;;59.174;4.476;24.15;12.133;;;49898
11/01/1995;nov-95;686.25;21.2;29.2;25.2;173;12.7;25.8;19.25;102.1;65.532;2.28;2.88422;2.98332;;;;;;85.26;387.6;;11.58;;;;59.174;4.476;24.15;12.133;;;49898
12/01/1995;dic-95;744.75;21.8;29.2;25.5;227;14.9;28.8;21.85;109;45.212;-2.22;2.72215;2.75186;;;;;;84.76;405.6;326.2;12.52;;;;59.174;4.476;24.15;12.133;;;49898
01/01/1996;ene-96;738.75;21.8;29;25.4;259;16.2;29.8;23;116;60.452;-4.06;2.64759;3.00383;1653.43;27681.16;42896.42;;;;399.9;334.9;12.53;;;;64.78;4.1;27.3;12.4482;;;32396
02/01/1996;feb-96;745;21.7;28.9;25.3;207;15.1;28.5;21.8;91.3;32.258;0.17;2.59786;2.91968;;;;;;86.29;395.8;335.3;17.04;;;;64.78;4.1;27.3;12.4482;;;32396
03/01/1996;mar-96;751;21.2;28.9;25.05;179;13.3;26.5;19.9;128.6;52.324;2.5;2.89729;2.6168;;;;;;86.52;;345.9;18.88;;;;64.78;4.1;27.3;12.4482;;;32396
04/01/1996;abr-96;795;20.1;28.4;24.25;91;10;22.3;16.15;91.2;126.238;10.83;3.10833;3.13336;;;;;;88.02;391.9;346.5;15.83;;;;64.78;4.1;27.3;12.4482;;;16950
05/01/1996;may-96;788.25;17.2;25.9;21.55;81;7.1;18.2;12.65;55.3;272.288;17.94;3.30503;3.24782;;;;;;87.78;390.9;349.7;16.07;;;;64.78;4.1;27.3;12.4482;;;16950
06/03/1996;jun-96;746.25;16.4;25.7;21.05;49;4;14.9;9.45;25.1;67.564;22.67;3.49408;3.22614;;;;;;87.82;380.1;350.7;13.68;;;;64.78;4.1;27.3;12.4482;;;16950
07/01/1996;jul-96;733;16;26.1;21.05;30;3;14.2;8.6;23.8;66.802;22.94;3.36926;3.14487;;;;;;;387.5;333.6;19.46;;;;64.78;4.1;27.3;12.4482;;;4993
08/01/1996;ago-96;794.5;17.6;28.8;23.2;34;4.3;17;10.65;32;50.8;23.83;3.32942;3.10732;;;;;;86.36;386.9;341;17.01;;;;64.78;4.1;27.3;12.4482;;;4993
09/02/1996;sep-96;758;19.6;30.4;25;92;6.5;19.3;12.9;57.3;61.976;18.22;3.52082;3.13478;;;;;;87.94;377.7;356.6;16.95;;;;64.78;4.1;27.3;12.4482;;;4993
10/01/1996;oct-96;669;21.2;30.2;25.7;151;9.9;22.1;16;109;39.624;13.78;3.31835;3.18054;;;;;;87.43;378.1;367.4;18.11;;;;64.78;4.1;27.3;12.4482;;;49671
11/01/1996;nov-96;712.75;21.2;29.2;25.2;173;12.7;25.8;19.25;102.1;110.998;1.72;3.14165;3.09871;;;;;;87.92;;393.3;17.14;;;;64.78;4.1;27.3;12.4482;;;49671
12/02/1996;dic-96;687.75;21.8;29.2;25.5;227;14.9;28.8;21.85;109;30.226;0.17;2.95094;2.96324;;;;;;88.12;368.3;388;20.92;;;;64.78;4.1;27.3;12.4482;;;49671
01/01/1997;ene-97;738.25;21.8;29;25.4;259;16.2;29.8;23;116;103.632;-6.83;3.25487;3.1574;1787.76;28362.93;44267.91;;;93.04;;403.5;19.47;;;;73.176;5.35;32.5;11.00489;;;28733
02/03/1997;feb-97;793.25;21.7;28.9;25.3;207;15.1;28.5;21.8;91.3;99.568;1.56;3.21337;3.13088;;;;;;94.89;359.5;405.1;21.1;;;;73.176;5.35;32.5;11.00489;;;28733
03/03/1997;mar-97;855.75;21.2;28.9;25.05;179;13.3;26.5;19.9;128.6;57.404;7.11;3.30856;3.23446;;;;;;94.72;351;390;22.14;;;;73.176;5.35;32.5;11.00489;;;28733
04/01/1997;abr-97;887;20.1;28.4;24.25;91;10;22.3;16.15;91.2;42.672;10;3.55047;3.23281;;;;;;97.23;340;405;20.06;;;;73.176;5.35;32.5;11.00489;;;13605
05/01/1997;may-97;880.5;17.2;25.9;21.55;81;7.1;18.2;12.65;55.3;111.76;15;3.43698;3.13415;;;;;;94.85;344.8;430.2;19.19;;;;73.176;5.35;32.5;11.00489;;;13605
06/02/1997;jun-97;617.5;16.4;25.7;21.05;49;4;14.9;9.45;25.1;56.896;22.22;3.27911;3.20109;;;;;;95.67;334.2;446.5;21.53;;;;73.176;5.35;32.5;11.00489;;;13605
07/01/1997;jul-97;658;16;26.1;21.05;30;3;14.2;8.6;23.8;73.66;12.53;3.19988;3.09032;;;;;;99.64;324.1;481;21.48;;;;73.176;5.35;32.5;11.00489;;;3588
08/01/1997;ago-97;625.5;17.6;28.8;23.2;34;4.3;17;10.65;32;73.66;12.53;3.08851;2.96922;;;;;;99;325;458.5;24.76;;;;73.176;5.35;32.5;11.00489;;;3588
09/01/1997;sep-97;621.5;19.6;30.4;25;92;6.5;19.3;12.9;57.3;101.6;19.67;3.15087;3.01349;;;;;;;328;486;22.91;;;;73.176;5.35;32.5;11.00489;;;3588
10/01/1997;oct-97;696.25;21.2;30.2;25.7;151;9.9;22.1;16;109;43.434;13.33;3.01659;2.98814;;;;;;95.64;325.6;467.5;35.09;;;;73.176;5.35;32.5;11.00489;;;54415
11/03/1997;nov-97;718.25;21.2;29.2;25.2;173;12.7;25.8;19.25;102.1;86.36;4.22;2.97296;2.93275;;;;;;97.79;306.5;480.2;27.43;;;;73.176;5.35;32.5;11.00489;;;54415
12/01/1997;dic-97;676.25;21.8;29.2;25.5;227;14.9;28.8;21.85;109;18.034;0.61;2.91985;2.93546;;;;;;;292.3;495;24.01;;;;73.176;5.35;32.5;11.00489;;;54415
01/01/1998;ene-98;672.75;21.8;29;25.4;259;16.2;29.8;23;116;58.928;0.22;2.8403;2.75701;1909.62;29162.54;45715.69;;;100.79;;487;21.47;;;;74.598;6;31.3;18.732172;;;32738
02/02/1998;feb-98;658.25;21.7;28.9;25.3;207;15.1;28.5;21.8;91.3;49.784;4.61;2.77707;2.61771;;;;;;99.82;291.8;520.1;18.55;;;;74.598;6;31.3;18.732172;;;32738
03/02/1998;mar-98;645;21.2;28.9;25.05;179;13.3;26.5;19.9;128.6;136.398;3.78;2.85251;2.87148;;;;;;101.5;299.4;548.5;24.22;;;;74.598;6;31.3;18.732172;;;32738
04/01/1998;abr-98;638.5;20.1;28.4;24.25;91;10;22.3;16.15;91.2;75.692;12.53;2.84607;2.72674;;;;;;99.71;310.4;553;21.18;;;;74.598;6;31.3;18.732172;;;16157
05/01/1998;may-98;618.5;17.2;25.9;21.55;81;7.1;18.2;12.65;55.3;109.982;12.53;2.89304;2.64484;;;;;;100.45;299.6;543.4;21.32;;;;74.598;6;31.3;18.732172;;;16157
06/01/1998;jun-98;616.75;16.4;25.7;21.05;49;4;14.9;9.45;25.1;178.054;12.53;2.871;2.46502;;;;64.2;66.2;;293.4;550;19.71;;;;74.598;6;31.3;18.732172;;;16157
07/01/1998;jul-98;560.75;16;26.1;21.05;30;3;14.2;8.6;23.8;77.724;24.94;2.77071;2.73618;;;;64.3;66.7;101.2;293.9;534.8;24.8;14.21;217.25;252.5;74.598;6;31.3;18.732172;;;5438
08/03/1998;ago-98;511.5;17.6;28.8;23.2;34;4.3;17;10.65;32;135.128;24.61;2.77934;2.71244;;;;62.4;64.2;100.2;274.1;441;44.28;13.34;187;254;74.598;6;31.3;18.732172;;;5438
09/01/1998;sep-98;520.75;19.6;30.4;25;92;6.5;19.3;12.9;57.3;18.542;23.06;2.49624;2.53364;;;;61.9;64.6;96.17;289.5;474.9;40.95;16.14;185;269.25;74.598;6;31.3;18.732172;;;5438
10/01/1998;oct-98;568.25;21.2;30.2;25.7;151;9.9;22.1;16;109;74.422;14.67;1.93515;2.36018;;;;62.7;64.1;93.73;293.4;511.5;28.05;14.42;204.5;294.25;74.598;6;31.3;18.732172;;;59505
11/02/1998;nov-98;593.5;21.2;29.2;25.2;173;12.7;25.8;19.25;102.1;39.624;7.94;2.22103;2.34582;;;;62.6;62.7;96.2;292.65;532.5;26.01;11.22;214.25;294.25;74.598;6;31.3;18.732172;;;59505
12/01/1998;dic-98;541.25;21.8;29.2;25.5;227;14.9;28.8;21.85;109;22.352;1.72;2.22958;2.27048;;;;62.1;63.3;94.17;285.9;558.5;24.42;12.05;213;276.25;74.598;6;31.3;18.732172;;;59505
01/01/1999;ene-99;506.75;21.8;29;25.4;259;16.2;29.8;23;116;51.054;-2.67;2.30815;2.39557;2038.2;29949.77;47360.54;61;62.1;96.1;286.8;563;26.25;12.78;211;276;72.223;5.2;34.7;20;1.522;14.25;39662
02/01/1999;feb-99;458;21.7;28.9;25.3;207;15.1;28.5;21.8;91.3;58.674;3.44;2.36759;2.41822;;;;58.4;62.8;100.02;279.8;547.5;27.88;12.28;204;248.5;72.223;5.2;34.7;20;1.522;14.25;39662
03/01/1999;mar-99;483.75;21.2;28.9;25.05;179;13.3;26.5;19.9;128.6;4.572;4.11;2.71036;2.71133;;;;57;62.8;;;567;23.26;16.73;201.75;280.25;72.223;5.2;34.7;20;1.522;14.25;39662
04/01/1999;abr-99;486.5;20.1;28.4;24.25;91;10;22.3;16.15;91.2;151.384;13.39;2.67779;2.70078;;;;55.8;61.1;101;286.3;618;25.07;18.66;213;268;72.223;5.2;34.7;20;1.522;14.25;23094
05/03/1999;may-99;461.75;17.2;25.9;21.55;81;7.1;18.2;12.65;55.3;76.454;18.17;2.70424;2.74287;;;;55.4;61.7;102.45;270;599;25.39;16.84;211.5;252.5;72.223;5.2;34.7;20;1.522;14.25;23094
06/01/1999;jun-99;460.75;16.4;25.7;21.05;49;4;14.9;9.45;25.1;193.802;23.06;3.11656;2.34676;;;;54.6;62.1;102.91;261.25;626.5;21.09;19.35;209.5;264.75;72.223;5.2;34.7;20;1.522;14.25;23094
07/01/1999;jul-99;433.25;16;26.1;21.05;30;3;14.2;8.6;23.8;73.66;26.67;3.00556;2.80086;;;;52.6;62.3;99.68;255.7;605.7;24.64;20.83;184;261.25;72.223;5.2;34.7;20;1.522;14.25;9484
08/02/1999;ago-99;483;17.6;28.8;23.2;34;4.3;17;10.65;32;86.106;23.11;3.10154;2.81296;;;;54.4;64;100.03;255.5;586;24.45;22.11;201.25;282.75;72.223;5.2;34.7;20;1.522;14.25;9484
09/01/1999;sep-99;491.25;19.6;30.4;25;92;6.5;19.3;12.9;57.3;45.212;20.22;3.16947;2.68821;;;;54.6;62.6;98.5;301.5;562;25.41;24.55;204.5;275.75;72.223;5.2;34.7;20;1.522;14.25;9484
10/01/1999;oct-99;482.75;21.2;30.2;25.7;151;9.9;22.1;16;109;53.086;13.39;3.14292;2.87628;;;;53.2;60;99.07;298.2;595;22.2;21.78;197.5;256;72.223;5.2;34.7;20;1.522;14.25;59402
11/01/1999;nov-99;476.25;21.2;29.2;25.2;173;12.7;25.8;19.25;102.1;13.716;10.28;3.14725;2.98593;;;;53.2;60.9;;287.5;593;24.18;24.59;187;249.25;72.223;5.2;34.7;20;1.522;14.25;59402
12/01/1999;dic-99;469.75;21.8;29.2;25.5;227;14.9;28.8;21.85;109;55.118;1.39;3.1922;3.16402;;;;51.9;58.9;101.87;;616;23.4;25.75;187.25;248.5;72.223;5.2;34.7;20;1.522;14.25;59402
01/03/2000;ene-00;508;21.8;29;25.4;259;16.2;29.8;23;116;30.734;-1.61;3.41105;3.08029;2193.89;31005.49;48746.04;52.6;59.9;105.07;283.1;592.5;24.95;27.62;200.5;256.25;75.055;5.25;39.5;20.13151;1.323;15.409;37993
02/01/2000;feb-00;511;21.7;28.9;25.3;207;15.1;28.5;21.8;91.3;46.736;4.44;3.51334;3.15707;;;;52.3;60.2;105.96;278.4;553;23.37;30.45;211.75;259;75.055;5.25;39.5;20.13151;1.323;15.409;37993
03/01/2000;mar-00;545.5;21.2;28.9;25.05;179;13.3;26.5;19.9;128.6;32.258;9.28;3.44035;3.23886;;;;52.8;61.9;105.46;;615.3;23.67;26.9;222;262.25;75.055;5.25;39.5;20.13151;1.323;15.409;37993
04/03/2000;abr-00;539.25;20.1;28.4;24.25;91;10;22.3;16.15;91.2;27.432;12.17;3.20297;3.16067;;;;53.4;61.3;110.13;273.1;612;26.2;25.8;222.5;254.75;75.055;5.25;39.5;20.13151;1.323;15.409;21076
05/01/2000;may-00;517.5;17.2;25.9;21.55;81;7.1;18.2;12.65;55.3;72.136;20.11;3.36053;3.31263;;;;53.6;62.4;;271.6;607;23.65;29.1;222.5;275;75.055;5.25;39.5;20.13151;1.323;15.409;21076
06/01/2000;jun-00;476.75;16.4;25.7;21.05;49;4;14.9;9.45;25.1;119.126;22.67;3.12789;3.7602;;;;53.8;61.7;106.8;288.6;586.5;19.54;32.43;192.5;271.25;75.055;5.25;39.5;20.13151;1.323;15.409;21076
07/03/2000;jul-00;454;16;26.1;21.05;30;3;14.2;8.6;23.8;101.092;24.17;3.06235;3.08628;;;;54;61.5;109.58;277;597.5;20.74;27.45;177;246;75.055;5.25;39.5;20.13151;1.323;15.409;7897
08/01/2000;ago-00;493;17.6;28.8;23.2;34;4.3;17;10.65;32;103.378;24.94;3.04561;3.12349;;;;53.2;59.2;112.59;277.5;629.5;16.84;33.1;174;264.5;75.055;5.25;39.5;20.13151;1.323;15.409;7897
09/01/2000;sep-00;499;19.6;30.4;25;92;6.5;19.3;12.9;57.3;94.996;20.61;2.886;3.17412;;;;52.6;58.4;113.25;274;631;20.57;30.86;183.5;258;75.055;5.25;39.5;20.13151;1.323;15.409;7897
10/02/2000;oct-00;466.5;21.2;30.2;25.7;151;9.9;22.1;16;109;50.546;15.5;2.87663;3.10621;;;;53.4;58.6;116.62;264.25;641;23.63;32.69;190;253.5;75.055;5.25;39.5;20.13151;1.323;15.409;60963
11/01/2000;nov-00;502;21.2;29.2;25.2;173;12.7;25.8;19.25;102.1;82.296;4.61;2.83314;3.09898;;;;53.8;59.3;115.22;272.1;606;29.65;33.8;206.5;270;75.055;5.25;39.5;20.13151;1.323;15.409;60963
12/01/2000;dic-00;508.5;21.8;29.2;25.5;227;14.9;28.8;21.85;109;73.66;-6.89;2.63921;3.1673;;;;54.4;59.3;109.32;265.45;639;26.85;26.8;211.5;272.75;75.055;5.25;39.5;20.13151;1.323;15.409;60963
01/01/2001;ene-01;459.75;21.8;29;25.4;259;16.2;29.8;23;116;46.228;-3.11;2.25143;2.65365;2359.57;31564.71;48726.58;53.8;57.3;;266.9;664;22.02;28.7;208.25;271;78.672;5.4;43.5;27.266252;1.467;15.41;38208
02/01/2001;feb-01;453.75;21.7;28.9;25.3;207;15.1;28.5;21.8;91.3;73.66;12.53;2.26701;2.63214;;;;54.2;60.9;111.93;257.7;618.3;28.35;27.42;208.5;269.25;78.672;5.4;43.5;27.266252;1.467;15.41;38208
03/01/2001;mar-01;436;21.2;28.9;25.05;179;13.3;26.5;19.9;128.6;27.432;3.89;2.26729;2.14224;;;;55.1;63.6;117.48;;598;28.64;26.4;204.75;255;78.672;5.4;43.5;27.266252;1.467;15.41;38208
04/02/2001;abr-01;427.5;20.1;28.4;24.25;91;10;22.3;16.15;91.2;104.394;15;2.22098;2.55921;;;;54.6;64.1;115.88;263.8;638;25.48;28.46;194.5;278.25;78.672;5.4;43.5;27.266252;1.467;15.41;19274
05/01/2001;may-01;438;17.2;25.9;21.55;81;7.1;18.2;12.65;55.3;85.344;18.61;2.43342;2.72388;;;;55.4;64.5;119.09;265.6;636;22.64;28.37;188.5;264.75;78.672;5.4;43.5;27.266252;1.467;15.41;19274
06/01/2001;jun-01;439.25;16.4;25.7;21.05;49;4;14.9;9.45;25.1;161.036;22.17;2.52646;2.75118;;;;54.8;62.5;119.45;270.6;620.5;19.06;26.25;192;255.75;78.672;5.4;43.5;27.266252;1.467;15.41;19274
07/02/2001;jul-01;494.5;16;26.1;21.05;30;3;14.2;8.6;23.8;57.15;25.78;2.52837;2.68785;;;;56.5;62.9;117.11;266.6;605.9;21.62;26.35;196.25;275;78.672;5.4;43.5;27.266252;1.467;15.41;6743
08/01/2001;ago-01;482;17.6;28.8;23.2;34;4.3;17;10.65;32;148.336;24.72;2.33436;2.58595;;;;56.6;63;113.26;274.2;568.9;24.92;27.2;210.5;287;78.672;5.4;43.5;27.266252;1.467;15.41;6743
09/03/2001;sep-01;460.25;19.6;30.4;25;92;6.5;19.3;12.9;57.3;77.724;19.22;2.17777;3.11523;;;;55.4;62.9;113.53;292.95;514.5;31.93;23.43;210.5;275;78.672;5.4;43.5;27.266252;1.467;15.41;6743
10/01/2001;oct-01;439.75;21.2;30.2;25.7;151;9.9;22.1;16;109;167.386;12.67;1.98693;2.29128;;;;54.2;61.3;;279.4;513;33.56;21.18;198.5;295.25;78.672;5.4;43.5;27.266252;1.467;15.41;61932
11/01/2001;nov-01;439.5;21.2;29.2;25.2;173;12.7;25.8;19.25;102.1;59.436;10.56;1.81477;2.08135;;;;54.7;59.5;115.56;;544.6;24.92;19.44;198.75;285;78.672;5.4;43.5;27.266252;1.467;15.41;61932
12/03/2001;dic-01;425;21.8;29.2;25.5;227;14.9;28.8;21.85;109;59.944;2.67;2.04058;2.73138;;;;54.3;58.2;116.67;278.7;552.1;23.8;19.84;199.75;291;78.672;5.4;43.5;27.266252;1.467;15.41;61932
01/01/2002;ene-02;429.5;21.8;29;25.4;259;16.2;29.8;23;116;72.136;1.94;2.5235;2.29025;2557.89;31706.3;49095.33;53.5;58.4;120.28;296.3;536;21.09;19.48;205.25;286.5;75.01;4;52;29.962194;1.122;16.507;36360
02/01/2002;feb-02;447.5;21.7;28.9;25.3;207;15.1;28.5;21.8;91.3;57.658;2.28;2.40007;2.14579;;;;51.7;56.6;119.17;302.25;530.4;21.59;21.85;199;280.25;75.01;4;52;29.962194;1.122;16.507;36360
03/01/2002;mar-02;473.5;21.2;28.9;25.05;179;13.3;26.5;19.9;128.6;74.93;3.89;2.42129;2.01388;;;;52;59.1;118.64;;557.2;17.4;26.23;203.75;294.5;75.01;4;52;29.962194;1.122;16.507;36360
04/01/2002;abr-02;466.75;20.1;28.4;24.25;91;10;22.3;16.15;91.2;170.18;12.89;2.70113;2.58783;;;;51;56.3;115.23;307.75;528.3;21.91;27.29;192.5;268.75;75.01;4;52;29.962194;1.122;16.507;18641
05/01/2002;may-02;508.75;17.2;25.9;21.55;81;7.1;18.2;12.65;55.3;273.812;16.06;2.35055;2.61865;;;;50.5;55.2;111.87;326.2;529.5;19.98;25.35;198.75;282.25;75.01;4;52;29.962194;1.122;16.507;18641
06/03/2002;jun-02;506.75;16.4;25.7;21.05;49;4;14.9;9.45;25.1;87.63;24.61;2.31986;2.34193;;;;51.3;55.4;106.15;314.2;495.1;25.4;26.86;204;313;75.01;4;52;29.962194;1.122;16.507;18641
07/01/2002;jul-02;536.5;16;26.1;21.05;30;3;14.2;8.6;23.8;58.166;27.22;2.14193;2.3481;;;;52;55.1;;303.3;448.3;32.03;27.02;222.5;334;75.01;4;52;29.962194;1.122;16.507;5662
08/01/2002;ago-02;544.75;17.6;28.8;23.2;34;4.3;17;10.65;32;60.96;25;1.74226;2.13145;;;;53.4;55;106.9;312.5;443;32.64;28.98;244;370;75.01;4;52;29.962194;1.122;16.507;5662
09/02/2002;sep-02;545.75;19.6;30.4;25;92;6.5;19.3;12.9;57.3;49.784;22.22;1.44611;2.04113;;;;54.9;54.4;106.92;323.5;390.5;39.69;30.47;251.5;396.5;75.01;4;52;29.962194;1.122;16.507;5662
10/01/2002;oct-02;566.5;21.2;30.2;25.7;151;9.9;22.1;16;109;82.55;11.94;1.2687;2.00534;;;;55.2;52.6;106.52;317.5;423.3;31.14;27.22;245;402.25;75.01;4;52;29.962194;1.122;16.507;57571
11/01/2002;nov-02;578.75;21.2;29.2;25.2;173;12.7;25.8;19.25;102.1;21.844;4.44;1.39559;2.03059;;;;56.3;52.8;106.37;;452.1;27.5;26.89;235;379.75;75.01;4;52;29.962194;1.122;16.507;57571
12/02/2002;dic-02;565;21.8;29.2;25.5;227;14.9;28.8;21.85;109;56.642;0.5;1.69225;1.95116;;;;55.6;51.1;101.81;347.8;426;28.62;31.2;235.25;325;75.01;4;52;29.962194;1.122;16.507;57571
01/01/2003;ene-03;564;21.8;29;25.4;259;16.2;29.8;23;116;17.018;-4.44;1.4882;2.07901;2797.17;31749.89;50036.23;56;53.1;99.91;;414;31.17;33.51;229.75;320.5;66.783;6.8;51;34.785121;0.908;15.394;32714
02/03/2003;feb-03;575;21.7;28.9;25.3;207;15.1;28.5;21.8;91.3;31.75;-2.17;1.46638;2.10654;;;;56.5;54.1;99.71;349.7;402.5;29.63;36.6;230.25;310.25;66.783;6.8;51;34.785121;0.908;15.394;32714
03/03/2003;mar-03;574.5;21.2;28.9;25.05;179;13.3;26.5;19.9;128.6;59.69;6.5;1.22359;1.90334;;;;55.5;54.5;99.06;337.1;401.1;29.15;31.04;227.75;286.75;66.783;6.8;51;34.785121;0.908;15.394;32714
04/01/2003;abr-03;627.25;20.1;28.4;24.25;91;10;22.3;16.15;91.2;59.944;12.17;1.30962;1.98951;;;;55.6;55.7;97.19;338.3;440.4;21.21;25.8;231.25;282.75;66.783;6.8;51;34.785121;0.908;15.394;16394
05/01/2003;may-03;624.5;17.2;25.9;21.55;81;7.1;18.2;12.65;55.3;73.66;17.11;1.37072;1.83853;;;;56.3;56.3;93.27;364.2;472;19.47;29.56;230.5;324.25;66.783;6.8;51;34.785121;0.908;15.394;16394
06/02/2003;jun-03;552.5;16.4;25.7;21.05;49;4;14.9;9.45;25.1;77.724;20.89;0.90512;2.28473;;;;56;56.2;94.73;345.3;474.4;19.52;30.19;223.75;310.5;66.783;6.8;51;34.785121;0.908;15.394;16394
07/01/2003;jul-03;509;16;26.1;21.05;30;3;14.2;8.6;23.8;118.364;24.89;1.12869;1.62634;;;;56.7;60.5;96.89;354.1;484.3;19.49;30.54;205;348.5;66.783;6.8;51;34.785121;0.908;15.394;4853
08/01/2003;ago-03;589;17.6;28.8;23.2;34;4.3;17;10.65;32;104.902;25.06;1.7517;1.85261;;;;57.6;60.7;98.1;375.2;493.3;18.63;31.57;206;381;66.783;6.8;51;34.785121;0.908;15.394;4853
09/01/2003;sep-03;677.25;19.6;30.4;25;92;6.5;19.3;12.9;57.3;89.916;18.78;1.89724;1.98049;;;;58.7;63;;385;482.7;22.71999;29.2;220.25;360.25;66.783;6.8;51;34.785121;0.908;15.394;4853
10/01/2003;oct-03;797.75;21.2;30.2;25.7;151;9.9;22.1;16;109;44.45;13.72;1.38082;1.78855;;;;60.3;62.7;92.73;384;514.5;16.09999;29.11;213.25;369.5;66.783;6.8;51;34.785121;0.908;15.394;45958
11/03/2003;nov-03;756.25;21.2;29.2;25.2;173;12.7;25.8;19.25;102.1;95.504;8.56;1.7139;1.93081;;;;61.8;62.2;90.23;397.9;520.3;16.31999;30.41;229;394.25;66.783;6.8;51;34.785121;0.908;15.394;45958
12/01/2003;dic-03;794;21.8;29.2;25.5;227;14.9;28.8;21.85;109;63.246;1.72;1.71357;2.22346;;;;62.4;61.2;;402.4;550.6;18.31;32.52;229;377;66.783;6.8;51;34.785121;0.908;15.394;45958
01/01/2004;ene-04;819.5;21.8;29;25.4;259;16.2;29.8;23;116;65.532;-3;1.70195;1.90697;3061.83;32300.08;51485.21;64.3;65.9;87.2;;559.1;16.62999;33.05;245.75;389;85.016;5.85;53;31.560148;1.166;17.401;24653
02/02/2004;feb-04;937.5;21.7;28.9;25.3;207;15.1;28.5;21.8;91.3;12.192;-0.11;1.57158;1.98719;;;;65;63.8;87.31;395.9;571.5;14.55;36.16;269.75;390.75;85.016;5.85;53;31.560148;1.166;17.401;24653
03/01/2004;mar-04;995;21.2;28.9;25.05;179;13.3;26.5;19.9;128.6;117.348;7.06;1.47016;1.70428;;;;66.7;66.3;;;565.4;16.73999;35.76;292;408;85.016;5.85;53;31.560148;1.166;17.401;24653
04/01/2004;abr-04;1013;20.1;28.4;24.25;91;10;22.3;16.15;91.2;48.514;12.83;1.35815;1.85277;;;;67.3;66.3;90.48;386.8;550.5;17.18999;37.38;301;390;85.016;5.85;53;31.560148;1.166;17.401;11175
05/03/2004;may-04;814;17.2;25.9;21.55;81;7.1;18.2;12.65;55.3;128.016;19.22;1.88325;2.2141;;;;66.4;65.8;88.95;395.3;556.5;15.5;39.88;288.25;362;85.016;5.85;53;31.560148;1.166;17.401;11175
06/01/2004;jun-04;669;16.4;25.7;21.05;49;4;14.9;9.45;25.1;101.6;21.78;1.94658;2.57408;;;;66.1;68.8;88.8;393.5;568.2;14.34;37.05;262.5;345.5;85.016;5.85;53;31.560148;1.166;17.401;11175
07/01/2004;jul-04;569;16;26.1;21.05;30;3;14.2;8.6;23.8;90.932;23.78;1.9338;2.25585;;;;65.6;70.7;89.96;390.5;556.6;15.32;43.8;217.25;312.25;85.016;5.85;53;31.560148;1.166;17.401;3059
08/02/2004;ago-04;627.25;17.6;28.8;23.2;34;4.3;17;10.65;32;192.786;21.44;1.8558;2.34085;;;;64.5;68.9;88.94;409.5;562.3;15.29;42.12;215.5;322.75;85.016;5.85;53;31.560148;1.166;17.401;3059
09/01/2004;sep-04;527;19.6;30.4;25;92;6.5;19.3;12.9;57.3;3.556;21.28;1.48469;2.67677;;;;65.2;69.6;87.36;418.7;570.8;13.34;49.64;205;306.75;85.016;5.85;53;31.560148;1.166;17.401;3059
10/01/2004;oct-04;533.5;21.2;30.2;25.7;151;9.9;22.1;16;109;133.35;14.33;1.68711;2.14583;;;;64.7;67.7;84.91;428.1;577.8;16.26999;51.76;201;316.5;85.016;5.85;53;31.560148;1.166;17.401;62722
11/01/2004;nov-04;534.75;21.2;29.2;25.2;173;12.7;25.8;19.25;102.1;133.858;8.06;1.60769;2.20682;;;;65.4;68.3;;438;606;13.24;49.13;193.25;301.25;85.016;5.85;53;31.560148;1.166;17.401;62722
12/01/2004;dic-04;547.25;21.8;29.2;25.5;227;14.9;28.8;21.85;109;45.72;1.11;1.90954;1.75253;;;;65.6;68.6;80.85;;625.7;13.29;43.45;201;307.5;85.016;5.85;53;31.560148;1.166;17.401;62722
01/03/2005;ene-05;514.75;21.8;29;25.4;259;16.2;29.8;23;116;186.69;-1.22;1.77928;2.1406;3390.71;32674.03;52789.73;65.4;68.6;83.6;422.1;609.6;12.82;48.2;195;291;83.507;7.388;57;38.287103;1.294;16.35;37595
02/01/2005;feb-05;622;21.7;28.9;25.3;207;15.1;28.5;21.8;91.3;42.164;2.39;1.81316;2.13701;;;;65.9;70;82.51;428.2;619.4;12.08;51.75;194;345.25;83.507;7.388;57;38.287103;1.294;16.35;37595
03/01/2005;mar-05;627.5;21.2;28.9;25.05;179;13.3;26.5;19.9;128.6;40.894;4.67;1.97934;2.33424;;;;67.1;70.6;84.06;;608.3;14.02;55.4;209.25;331;83.507;7.388;57;38.287103;1.294;16.35;37595
04/01/2005;abr-05;626.25;20.1;28.4;24.25;91;10;22.3;16.15;91.2;56.388;13.61;2.02053;2.46229;;;;65.6;69.3;84.43;435;594.4;15.31;49.72;204;326;83.507;7.388;57;38.287103;1.294;16.35;19031
05/02/2005;may-05;680.25;17.2;25.9;21.55;81;7.1;18.2;12.65;55.3;36.83;16.94;1.78987;2.57807;;;;66.3;71.8;87.76;416.8;611.7;13.29;51.97;203.5;331.75;83.507;7.388;57;38.287103;1.294;16.35;19031
06/01/2005;jun-05;666.25;16.4;25.7;21.05;49;4;14.9;9.45;25.1;103.886;24.39;1.66689;2.3619;;;;67.2;73;89.11;434.5;621.2;12.04;56.5;210;331.5;83.507;7.388;57;38.287103;1.294;16.35;19031
07/01/2005;jul-05;686.75;16;26.1;21.05;30;3;14.2;8.6;23.8;81.788;25.56;1.82002;2.3318;;;;67.4;71.9;89.35;429.2;639.2;11.57;60.57;222;327.75;83.507;7.388;57;38.287103;1.294;16.35;6960
08/01/2005;ago-05;598.75;17.6;28.8;23.2;34;4.3;17;10.65;32;57.912;25.06;2.00822;2.46382;;;;67.5;72.3;;434.85;632.2;12.6;68.94;203.25;317.5;83.507;7.388;57;38.287103;1.294;16.35;6960
09/01/2005;sep-05;573.25;19.6;30.4;25;92;6.5;19.3;12.9;57.3;152.146;22.94;1.73569;2.35381;;;;68.4;73.2;89.52;468.7;639.6;11.92;66.24;203;346.25;83.507;7.388;57;38.287103;1.294;16.35;6960
10/03/2005;oct-05;576;21.2;30.2;25.7;151;9.9;22.1;16;109;84.074;14.22;1.96704;2.84746;;;;69.4;73.3;90.07;465.6;626.4;15.32;59.76;196.25;317;83.507;7.388;57;38.287103;1.294;16.35;68078
11/01/2005;nov-05;558;21.2;29.2;25.2;173;12.7;25.8;19.25;102.1;93.472;7.17;2.07569;3.05102;;;;68.8;73.5;91.57;514.77;647.6;12.06;57.32;186.25;320.75;83.507;7.388;57;38.287103;1.294;16.35;68078
12/01/2005;dic-05;613.5;21.8;29.2;25.5;227;14.9;28.8;21.85;109;31.242;-2.89;2.01835;3.22717;;;;69.5;73.6;91.17;;650.4;12.07;61.04;200.5;339.25;83.507;7.388;57;38.287103;1.294;16.35;68078
01/02/2006;ene-06;594.25;21.8;29;25.4;259;16.2;29.8;23;116;52.07;4.11;2.06484;2.40278;3800.76;33572.65;53738.09;69.4;70;88.96;568.5;667.4;12.95;67.92;204.75;343.25;87.001;7.15;59;40.489266;1.402;15.082;45428
02/01/2006;feb-06;594;21.7;28.9;25.3;207;15.1;28.5;21.8;91.3;18.034;0.56;2.20441;2.50828;;;;70.4;67.7;90.11;583.2;672.2;12.34;61.41;215.5;381;87.001;7.15;59;40.489266;1.402;15.082;45428
03/01/2006;mar-06;571.5;21.2;28.9;25.05;179;13.3;26.5;19.9;128.6;73.66;6.39;2.38362;1.76861;;;;69.4;66.8;89.73;;685.5;11.39;66.63;217.75;347.75;87.001;7.15;59;40.489266;1.402;15.082;45428
04/03/2006;abr-06;601;20.1;28.4;24.25;91;10;22.3;16.15;91.2;144.272;14.67;2.35839;2.68304;;;;69.7;66.2;86.11;654.15;702;11.59;71.88;229.75;358.5;87.001;7.15;59;40.489266;1.402;15.082;26962
05/01/2006;may-06;579.5;17.2;25.9;21.55;81;7.1;18.2;12.65;55.3;98.298;17.67;2.40637;2.88302;;;;71;68;;642.7;681.7;16.43999;71.29;237;393.5;87.001;7.15;59;40.489266;1.402;15.082;26962
06/01/2006;jun-06;622.5;16.4;25.7;21.05;49;4;14.9;9.45;25.1;39.878;22.89;2.45081;2.74476;;;;71.1;70.4;85.22;614.05;686.3;13.08;73.98;221.5;396;87.001;7.15;59;40.489266;1.402;15.082;26962
07/03/2006;jul-06;599.75;16;26.1;21.05;30;3;14.2;8.6;23.8;120.142;26.06;2.49635;2.80052;;;;72.9;71.8;85.3;635.92;690.3;14.95;74.4;235.25;397.5;87.001;7.15;59;40.489266;1.402;15.082;12229
08/01/2006;ago-06;555.75;17.6;28.8;23.2;34;4.3;17;10.65;32;102.362;24.61;2.29829;2.86706;;;;72.9;74.2;85.05;625;697.2;12.31;70.26;216.75;422.25;87.001;7.15;59;40.489266;1.402;15.082;12229
09/01/2006;sep-06;547.5;19.6;30.4;25;92;6.5;19.3;12.9;57.3;54.102;18.5;2.20606;2.6513;;;;73;74.8;85.97;597.8;718.2;11.98;62.91;236;443;87.001;7.15;59;40.489266;1.402;15.082;12229
10/02/2006;oct-06;644.25;21.2;30.2;25.7;151;9.9;22.1;16;109;100.076;11.94;2.21206;2.4007;;;;74.9;73.6;85.32;605.75;739;11.1;58.73;261.5;483;87.001;7.15;59;40.489266;1.402;15.082;73519
11/01/2006;nov-06;685.5;21.2;29.2;25.2;173;12.7;25.8;19.25;102.1;84.328;8.11;2.19989;1.88939;;;;77.5;72.1;82.92;635.95;748.7;10.91;63.13;320.5;521.5;87.001;7.15;59;40.489266;1.402;15.082;73519
12/01/2006;dic-06;697.25;21.8;29.2;25.5;227;14.9;28.8;21.85;109;95.25;3.17;2.12214;1.98915;;;;78.6;70.6;83.65;652.4;769;11.56;61.05;362;501;87.001;7.15;59;40.489266;1.402;15.082;73519
01/01/2007;ene-07;719.5;21.8;29;25.4;259;16.2;29.8;23;116;73.66;0.22;2.14808;2.68381;4319.02;34401.46;54299.62;78.1;69.6;;669.45;778.8;10.42;58.14;352.5;467.5;72.859;9.473;61;47.431082;0.814;12.793;48631
02/01/2007;feb-07;787.5;21.7;28.9;25.3;207;15.1;28.5;21.8;91.3;57.404;-5.22;2.28715;2.63964;;;;79.6;70.9;83.56;663.1;762.3;15.42;61.79;391.5;488;72.859;9.473;61;47.431082;0.814;12.793;48631
03/01/2007;mar-07;761.25;21.2;28.9;25.05;179;13.3;26.5;19.9;128.6;35.56;10.94;2.02499;2.79766;;;;80.8;72.9;82.92;;774.8;14.64;65.87;374.5;438;72.859;9.473;61;47.431082;0.814;12.793;48631
04/02/2007;abr-07;743;20.1;28.4;24.25;91;10;22.3;16.15;91.2;91.186;11.72;2.07749;2.71845;;;;83.6;74.8;81.446;678;804;14.22;65.71;343;495.5;72.859;9.473;61;47.431082;0.814;12.793;29724
05/01/2007;may-07;806.25;17.2;25.9;21.55;81;7.1;18.2;12.65;55.3;50.8;21.39;2.03184;2.92431;;;;86.2;76.6;82.285;660.75;830.7;13.05;64.01;352;517;72.859;9.473;61;47.431082;0.814;12.793;29724
06/01/2007;jun-07;881.75;16.4;25.7;21.05;49;4;14.9;9.45;25.1;127.762;24.22;2.24631;3.21462;;;;91.1;78;81.947;648.9;817;16.23;70.68;333.5;597;72.859;9.473;61;47.431082;0.814;12.793;29724
07/02/2007;jul-07;857.5;16;26.1;21.05;30;3;14.2;8.6;23.8;49.784;24.17;2.37357;2.61441;;;;95.3;79.2;80.814;663;781.2;23.51999;78.21;308.5;630;72.859;9.473;61;47.431082;0.814;12.793;15617
08/01/2007;ago-07;882.5;17.6;28.8;23.2;34;4.3;17;10.65;32;73.66;12.53;2.13388;2.65344;;;;98.9;79.4;80.829;672.6;788;23.37999;74.04;309.5;775.5;72.859;9.473;61;47.431082;0.814;12.793;15617
09/03/2007;sep-07;991.25;19.6;30.4;25;92;6.5;19.3;12.9;57.3;20.828;23.06;1.94622;2.57405;;;;105;80.5;77.744;743.7;814.8;18;81.66;335.5;939;72.859;9.473;61;47.431082;0.814;12.793;15617
10/01/2007;oct-07;1025.75;21.2;30.2;25.7;151;9.9;22.1;16;109;95.758;17;1.98911;2.29205;;;;107.6;79.2;;795.25;819.1;18.53;94.53;335;808;72.859;9.473;61;47.431082;0.814;12.793;64238
11/01/2007;nov-07;1080;21.2;29.2;25.2;173;12.7;25.8;19.25;102.1;73.66;7;1.82625;2.632;;;;110.5;80.2;76.155;;;22.87;;366.5;885.5;72.859;9.473;61;47.431082;0.814;12.793;64238
12/03/2007;dic-07;1214.25;21.8;29.2;25.5;227;14.9;28.8;21.85;109;70.612;0.17;1.38697;2.54378;;;;114.4;81;76.674;833.2;764.2;22.5;95.98;399.75;885;72.859;9.473;61;47.431082;0.814;12.793;64238
01/01/2008;ene-08;1274.5;21.8;29;25.4;259;16.2;29.8;23;116;57.404;-1.67;1.39949;2.46662;4711.64;34376.42;53854.16;120;81.6;75.226;973.75;732.7;26.2;91.75;456;929.5;80.749;9.308;  ;46.150651;0.747;15.709;39027
02/01/2008;feb-08;1536.5;21.7;28.9;25.3;207;15.1;28.5;21.8;91.3;141.478;-1.89;1.11112;2.29779;;;;128;79.5;73.749;;692.7;26.53999;101.84;491;1086;80.749;9.308;  ;46.150651;0.747;15.709;39027
03/03/2008;mar-08;1197.25;21.2;28.9;25.05;179;13.3;26.5;19.9;128.6;102.108;5.39;1.02522;1.93368;;;;132.1;84.7;71.741;915.3;687.3;25.60999;101.58;503.25;929;80.749;9.308;  ;46.150651;0.747;15.709;39027
04/01/2008;abr-08;1314;20.1;28.4;24.25;91;10;22.3;16.15;91.2;58.928;12;1.06289;2.0175;;;;130.4;86.2;72.566;873.5;711.8;20.78999;113.46;561.25;801;80.749;9.308;  ;46.150651;0.747;15.709;18402
05/01/2008;may-08;1363.5;17.2;25.9;21.55;81;7.1;18.2;12.65;55.3;73.66;12.53;1.40052;2.28684;;;;130;91;72.871;885.9;711;17.82999;127.35;572.75;761.5;80.749;9.308;  ;46.150651;0.747;15.709;18402
06/02/2008;jun-08;1574;16.4;25.7;21.05;49;4;14.9;9.45;25.1;203.962;24.28;1.48755;2.72851;;;;132.5;93;72.541;924.1;628.9;23.95;140;595.75;858.75;80.749;9.308;  ;46.150651;0.747;15.709;18402
07/01/2008;jul-08;1404;16;26.1;21.05;30;3;14.2;8.6;23.8;73.66;24.33;1.44558;2.94902;;;;130.1;100.1;73.213;912.85;635.6;22.93999;124.08;543.75;783.75;80.749;9.308;  ;46.150651;0.747;15.709;5580
08/01/2008;ago-08;1324;17.6;28.8;23.2;34;4.3;17;10.65;32;73.66;23.22;1.3565;3.05254;;;;121.1;101.8;77.381;829.8;642.7;20.64999;115.46;485.25;801.25;80.749;9.308;  ;46.150651;0.747;15.709;5580
09/01/2008;sep-08;1045;19.6;30.4;25;92;6.5;19.3;12.9;57.3;275.844;20.33;1.23957;2.73093;;;;112.8;100.9;;869.95;590.4;39.39;100.64;485.5;680;80.749;9.308;  ;46.150651;0.747;15.709;5580
10/01/2008;oct-08;933;21.2;30.2;25.7;151;9.9;22.1;16;109;74.676;13.94;1.48506;1.60724;;;;97.6;95;85.633;723.05;489.4;59.89;67.81;364;536.25;80.749;9.308;  ;46.150651;0.747;15.709;61927
11/03/2008;nov-08;883;21.2;29.2;25.2;173;12.7;25.8;19.25;102.1;28.194;6.06;1.63163;0.78457;;;;89.5;87.4;86.517;817.95;444;55.28;54.43;336.5;561.25;80.749;9.308;  ;46.150651;0.747;15.709;61927
12/01/2008;dic-08;980;21.8;29.2;25.5;227;14.9;28.8;21.85;109;134.62;-1.61;0.97538;0.283;;;;86;80.8;;926.35;444.3;40;44.6;305.5;610.75;80.749;9.308;  ;46.150651;0.747;15.709;61927
01/01/2009;ene-09;980;21.8;29;25.4;259;16.2;29.8;23;116;15.748;-5;0.93854;0.47358;5128.9;32715.79;51996.18;86.4;77.3;85.999;;389.5;44.84;41.68;358.75;568;91.47;9.7;69;30.945404;0.951;15.224;35429
02/02/2009;feb-09;872;21.7;28.9;25.3;207;15.1;28.5;21.8;91.3;65.786;1.78;1.03931;0.38165;;;;84.2;75;88.166;944;338.3;46.34999;44.76;342;521.5;91.47;9.7;69;30.945404;0.951;15.224;35429
03/02/2009;mar-09;952;21.2;28.9;25.05;179;13.3;26.5;19.9;128.6;82.804;8.33;1.25074;-0.48068;;;;84;75.4;85.537;917.15;369.2;44.14;49.66;344.5;532.75;91.47;9.7;69;30.945404;0.951;15.224;35429
04/01/2009;abr-09;1055;20.1;28.4;24.25;91;10;22.3;16.15;91.2;175.006;12.5;0.71282;1.22894;;;;87.2;77.9;84.796;885.5;409.6;36.5;51.12;360.5;536.5;91.47;9.7;69;30.945404;0.951;15.224;16225
05/01/2009;may-09;1184;17.2;25.9;21.55;81;7.1;18.2;12.65;55.3;154.686;18.39;1.01741;1.29725;;;;93.3;80.9;79.348;979;435.5;28.92;66.31;396.5;637.25;91.47;9.7;69;30.945404;0.951;15.224;16225
06/01/2009;jun-09;981;16.4;25.7;21.05;49;4;14.9;9.45;25.1;140.208;24.39;1.32211;1.27451;;;;93.3;83.1;;925.85;430.6;26.34999;69.89;354.5;540.75;91.47;9.7;69;30.945404;0.951;15.224;16225
07/01/2009;jul-09;982;16;26.1;21.05;30;3;14.2;8.6;23.8;90.932;22.28;1.2669;1.55223;;;;90.7;85.2;78.347;953.75;466.6;25.92;69.45;304;528.25;91.47;9.7;69;30.945404;0.951;15.224;3761
08/03/2009;ago-09;979.5;17.6;28.8;23.2;34;4.3;17;10.65;32;67.31;22.61;1.15904;2.02453;;;;93.5;85.3;78.148;949.65;492;26.00999;69.96;304.25;498.75;91.47;9.7;69;30.945404;0.951;15.224;3761
09/01/2009;sep-09;927;19.6;30.4;25;92;6.5;19.3;12.9;57.3;60.706;19.72;0.94924;2.36081;;;;93;84.3;76.703;1006.7;504.7;25.60999;70.61;302;457.5;91.47;9.7;69;30.945404;0.951;15.224;3761
10/01/2009;oct-09;976.5;21.2;30.2;25.7;151;9.9;22.1;16;109;256.286;10.56;0.99714;1.62836;;;;94.8;82.5;76.3;1044.4;486.2;30.68999;77;327.5;494.25;91.47;9.7;69;30.945404;0.951;15.224;63645
11/02/2009;nov-09;1060.5;21.2;29.2;25.2;173;12.7;25.8;19.25;102.1;132.588;9.72;1.06141;1.80703;;;;98.8;83.7;74.803;1179.4;514;24.50999;77.28;359.25;588.75;91.47;9.7;69;30.945404;0.951;15.224;63645
12/01/2009;dic-09;1048.5;21.8;29.2;25.5;227;14.9;28.8;21.85;109;111.252;-0.33;0.84804;1.7866;;;;100.7;83.9;77.86;1080.98;522.6;21.67999;79.36;379;541.5;91.47;9.7;69;30.945404;0.951;15.224;63645
01/03/2010;ene-10;914;21.8;29;25.4;259;16.2;29.8;23;116;34.29;-5.61;1.29792;1.69576;5647.06;33350.26;52963.46;101.5;85;79.477;1106.2;511.9;24.62;72.89;355.25;474;90.663;10.13;75.3;53.247361;1.198;15.41;34566
02/01/2010;feb-10;961;21.7;28.9;25.3;207;15.1;28.5;21.8;91.3;31.75;-2.78;1.12452;1.73162;;;;99;85.7;81.095;1113.43;525.9;19.5;79.66;347.5;519.25;90.663;10.13;75.3;53.247361;1.198;15.41;34566
03/01/2010;mar-10;941;21.2;28.9;25.05;179;13.3;26.5;19.9;128.6;70.866;6.33;0.99873;1.97014;;;;96.3;86.9;;;556.7;17.59;83.76;344.25;450.5;90.663;10.13;75.3;53.247361;1.198;15.41;34566
04/01/2010;abr-10;999;20.1;28.4;24.25;91;10;22.3;16.15;91.2;73.66;14.78;1.30911;1.5872;;;;96.8;89.5;81.866;1179.05;567;22.04999;86.15;343.5;503;90.663;10.13;75.3;53.247361;1.198;15.41;15543
05/03/2010;may-10;937.75;17.2;25.9;21.55;81;7.1;18.2;12.65;55.3;126.746;17.89;1.22639;1.56296;;;;96.3;89.8;86.53;1214.2;521.9;32.06999;73.97;353.5;457.75;90.663;10.13;75.3;53.247361;1.198;15.41;15543
06/01/2010;jun-10;902.5;16.4;25.7;21.05;49;4;14.9;9.45;25.1;265.684;23.94;1.01936;1.35322;;;;95.8;90.8;86.036;1242;;34.53999;;332;480.25;90.663;10.13;75.3;53.247361;1.198;15.41;15543
07/01/2010;jul-10;1005;16;26.1;21.05;30;3;14.2;8.6;23.8;136.652;25.56;0.84676;0.9628;;;;100;91.8;81.539;1181.05;523.7;23.5;78.95;359.75;661.5;90.663;10.13;75.3;53.247361;1.198;15.41;4106
08/02/2010;ago-10;1010;17.6;28.8;23.2;34;4.3;17;10.65;32;73.66;25.28;0.65616;1.34112;;;;107.7;92.6;83.099;1247.82;499;26.05;71.92;385.25;685.75;90.663;10.13;75.3;53.247361;1.198;15.41;4106
09/01/2010;sep-10;1106.75;19.6;30.4;25;92;6.5;19.3;12.9;57.3;73.66;19.5;0.57707;0.90714;;;;114.1;92.5;78.807;1307.65;534.7;23.7;79.97;437.75;674;90.663;10.13;75.3;53.247361;1.198;15.41;4106
10/01/2010;oct-10;1236;21.2;30.2;25.7;151;9.9;22.1;16;109;12.954;13.89;0.40881;1.36526;;;;120.1;94;77.266;1359.2;548.4;21.2;81.43;454.25;717.25;90.663;10.13;75.3;53.247361;1.198;15.41;61999
11/01/2010;nov-10;1243;21.2;29.2;25.2;173;12.7;25.8;19.25;102.1;96.774;6.28;0.33889;1.39624;;;;124.1;96.1;;1420.74;;23.53999;;506.25;690.5;90.663;10.13;75.3;53.247361;1.198;15.41;61999
12/01/2010;dic-10;1403;21.8;29.2;25.5;227;14.9;28.8;21.85;109;21.59;-4.17;0.62621;1.49387;;;;129.3;97.4;79.028;;587.7;17.75;91.38;542.5;794.25;90.663;10.13;75.3;53.247361;1.198;15.41;61999
01/03/2011;ene-11;1413;21.8;29;25.4;259;16.2;29.8;23;116;73.66;-5.22;0.86398;1.79005;6152.69;33995.71;53394.86;133.7;97.6;77.744;1332.3;606.6;19.53;92.19;595;840.75;84.291;11.94;66.5;48.8461;1.221;14.879;33987
02/01/2011;feb-11;1364.75;21.7;28.9;25.3;207;15.1;28.5;21.8;91.3;90.932;-1.28;0.82969;1.95474;;;;137.6;100.3;76.856;1430.39;628.5;18.35001;96.97;655.75;817;84.291;11.94;66.5;48.8461;1.221;14.879;33987
03/01/2011;mar-11;1410.25;21.2;28.9;25.05;179;13.3;26.5;19.9;128.6;46.99;5.67;0.87385;2.10638;;;;134.3;103.5;76.004;;624.3;17.74001;106.72;608;763.25;84.291;11.94;66.5;48.8461;1.221;14.879;33987
04/01/2011;abr-11;1394;20.1;28.4;24.25;91;10;22.3;16.15;91.2;180.34;12.56;0.9775;2.07574;;;;136.4;107.7;72.933;1563;640;14.75;113.93;715.5;801.25;84.291;11.94;66.5;48.8461;1.221;14.879;16854
05/02/2011;may-11;1376;17.2;25.9;21.55;81;7.1;18.2;12.65;55.3;201.676;17;0.71147;2.2923;;;;135.2;108.1;74.508;1534.65;628.1;15.45;102.7;659;782.25;84.291;11.94;66.5;48.8461;1.221;14.879;16854
06/01/2011;jun-11;1294;16.4;25.7;21.05;49;4;14.9;9.45;25.1;173.736;22.56;0.49227;2.1177;;;;135;106.9;74.379;1500;611.5;16.52;95.42;639;614.25;84.291;11.94;66.5;48.8461;1.221;14.879;16854
07/01/2011;jul-11;1357.25;16;26.1;21.05;30;3;14.2;8.6;23.8;21.336;26.72;0.57395;2.43235;;;;133.2;106.5;73.897;1626.4;589.5;25.25;95.7;603;672.5;84.291;11.94;66.5;48.8461;1.221;14.879;5852
08/01/2011;ago-11;1457.5;17.6;28.8;23.2;34;4.3;17;10.65;32;3.81;24.78;0.39497;1.51131;;;;133;105.6;;1823.3;552.8;31.62;88.81;658.5;791.5;84.291;11.94;66.5;48.8461;1.221;14.879;5852
09/01/2011;sep-11;1179;19.6;30.4;25;92;6.5;19.3;12.9;57.3;85.852;17.78;0.21494;1.00888;;;;130.4;106.9;78.553;1623.7;508.1;42.96001;79.2;592.5;609.25;84.291;11.94;66.5;48.8461;1.221;14.879;5852
10/03/2011;oct-11;1217.25;21.2;30.2;25.7;151;9.9;22.1;16;109;50.038;13.22;0.09856;1.46561;;;;125.7;106.2;76.49;1714.2;565.7;29.96001;93.19;572.25;628.25;84.291;11.94;66.5;48.8461;1.221;14.879;64498
11/01/2011;nov-11;1131.25;21.2;29.2;25.2;173;12.7;25.8;19.25;102.1;107.95;8.17;0.13707;1.50525;;;;126.1;108.3;78.388;1564.6;;27.8;;582;614;84.291;11.94;66.5;48.8461;1.221;14.879;64498
12/01/2011;dic-11;1207.75;21.8;29.2;25.5;227;14.9;28.8;21.85;109;73.66;2.39;0.14447;1.71166;;;;122.1;106.5;80.178;;570.6;23.39999;98.83;576.25;652.75;84.291;11.94;66.5;48.8461;1.221;14.879;64498
01/03/2012;ene-12;1199;21.8;29;25.4;259;16.2;29.8;23;116;73.66;0.06;0.1461;1.47144;6591.65;33635.25;54213.46;122.4;103.1;79.283;1737.1;598.3;19.44;98.48;592.5;666;82.791;12.186;82;40.097644;0.95;13.436;37407
02/01/2012;feb-12;1320;21.7;28.9;25.3;207;15.1;28.5;21.8;91.3;33.02;2.06;0.02185;1.50142;;;;125.4;105.6;78.818;1668.13;623.1;18.42999;107.07;621.75;668;82.791;12.186;82;40.097644;0.95;13.436;37407
03/01/2012;mar-12;1403;21.2;28.9;25.05;179;13.3;26.5;19.9;128.6;18.288;13.11;0.16924;1.36205;;;;125.8;106.5;79.004;;641;15.5;103.02;603;660.75;82.791;12.186;82;40.097644;0.95;13.436;37407
04/02/2012;abr-12;1505.5;20.1;28.4;24.25;91;10;22.3;16.15;91.2;74.168;12.72;0.19465;1.68694;;;;124.4;105.7;78.765;1664.71;632.1;17.14999;104.87;599.5;654.5;82.791;12.186;82;40.097644;0.95;13.436;18165
05/01/2012;may-12;1340;17.2;25.9;21.55;81;7.1;18.2;12.65;55.3;48.26;20.11;-0.08722;1.59031;;;;119;103.7;83.059;1560;589.6;24.06;86.53;553.5;643.75;82.791;12.186;82;40.097644;0.95;13.436;18165
06/01/2012;jun-12;1427.75;16.4;25.7;21.05;49;4;14.9;9.45;25.1;73.66;23.11;-0.04815;0.78931;;;;115.9;101.4;81.627;1597.43;613.6;17.08;84.96;551;757.25;82.791;12.186;82;40.097644;0.95;13.436;18165
07/02/2012;jul-12;1641;16;26.1;21.05;30;3;14.2;8.6;23.8;11.938;27.89;-0.05483;1.29665;;;;122.1;100.4;82.694;1613.75;618.7;18.92999;88.06;640.75;888.25;82.791;12.186;82;40.097644;0.95;13.436;4609
08/01/2012;ago-12;1756.5;17.6;28.8;23.2;34;4.3;17;10.65;32;70.104;23.72;-0.06008;1.37009;;;;123.4;103.1;81.208;1691.4;632;17.47;96.47;776.75;889.5;82.791;12.186;82;40.097644;0.95;13.436;4609
09/04/2012;sep-12;1601;19.6;30.4;25;92;6.5;19.3;12.9;57.3;136.398;18.78;-0.16926;1.9315;;;;125.2;107;79.935;1771.7;648;15.73;92.19;705;902.5;82.791;12.186;82;40.097644;0.95;13.436;4609
10/01/2012;oct-12;1548.75;21.2;30.2;25.7;151;9.9;22.1;16;109;100.838;11.39;-0.09317;1.61311;;;;124;108;;1719.5;643.1;18.60001;86.24;732.25;864.5;82.791;12.186;82;40.097644;0.95;13.436;53510
11/01/2012;nov-12;1438.75;21.2;29.2;25.2;173;12.7;25.8;19.25;102.1;38.1;5;-0.00574;1.66323;;;;123.6;107.7;80.153;;;15.87;;710.5;863.5;82.791;12.186;82;40.097644;0.95;13.436;53510
12/03/2012;dic-12;1409.5;21.8;29.2;25.5;227;14.9;28.8;21.85;109;46.736;2.67;-0.17238;2.10291;;;;122.9;107.4;79.764;1674.95;654;18.02;91.82;687.5;778;82.791;12.186;82;40.097644;0.95;13.436;53510
01/02/2013;ene-13;1468.5;21.8;29;25.4;259;16.2;29.8;23;116;73.66;-1.5;0.0844;1.31559;7056.41;33447.37;54830.78;123.4;106.5;79.206;1579.52;696.3;14.28;97.49;678;779.5;91.363;9.477;86.2;49.117029;1.215;12.407;27162
02/01/2013;feb-13;1452.25;21.7;28.9;25.3;207;15.1;28.5;21.8;91.3;65.532;-1.28;0.1721;1.36081;;;;123.3;107.6;81.939;1594.3;705.7;15.51;92.05;687.25;714.5;91.363;9.477;86.2;49.117029;1.215;12.407;27162
03/01/2013;mar-13;1404.75;21.2;28.9;25.05;179;13.3;26.5;19.9;128.6;41.148;1.83;0.05034;1.00494;;;;122.9;108;82.976;;728;12.7;97.23;682;687.75;91.363;9.477;86.2;49.117029;1.215;12.407;27162
04/01/2013;abr-13;1399;20.1;28.4;24.25;91;10;22.3;16.15;91.2;171.196;10.44;-0.02421;1.45631;;;;122.9;108.7;;1474.7;740.7;13.52;93.46;626.5;731;91.363;9.477;86.2;49.117029;1.215;12.407;11830
05/01/2013;may-13;1510;17.2;25.9;21.55;81;7.1;18.2;12.65;55.3;172.212;17.72;-0.01939;1.17803;;;;122.1;105.5;83.375;1387.81;758.9;16.3;91.97;625;705.5;91.363;9.477;86.2;49.117029;1.215;12.407;11830
06/03/2013;jun-13;1252;16.4;25.7;21.05;49;4;14.9;9.45;25.1;132.588;21.94;0.22769;1.35321;;;;120.9;105;83.136;1234.8;747.7;16.86;96.56;540.5;657.75;91.363;9.477;86.2;49.117029;1.215;12.407;11830
07/01/2013;jul-13;1206.25;16;26.1;21.05;30;3;14.2;8.6;23.8;90.424;22.67;0.54638;1.00303;;;;117.9;104.5;;1322.4;785.8;13.45;105.03;488.25;664.25;91.363;9.477;86.2;49.117029;1.215;12.407;3825
08/01/2013;ago-13;1357.5;17.6;28.8;23.2;34;4.3;17;10.65;32;2.286;23.06;0.47507;1.79743;;;;116.2;105.5;82.029;1395.2;757.3;17.00999;107.65;453.75;654;91.363;9.477;86.2;49.117029;1.215;12.407;3825
09/03/2013;sep-13;1282.75;19.6;30.4;25;92;6.5;19.3;12.9;57.3;15.494;20.89;0.54083;2.20242;;;;116.4;106.1;80.224;1327.19;771.6;16.6;102.33;440.75;678.5;91.363;9.477;86.2;49.117029;1.215;12.407;3825
10/01/2013;oct-13;1266.25;21.2;30.2;25.7;151;9.9;22.1;16;109;120.904;12.78;0.49297;1.55552;;;;118.8;106.4;80.242;1322.9;805.2;13.75;96.38;427;667.5;91.363;9.477;86.2;49.117029;1.215;12.407;58612
11/01/2013;nov-13;1336.5;21.2;29.2;25.2;173;12.7;25.8;19.25;102.1;34.036;3.67;0.48964;1.45058;;;;118.7;105.6;80.645;;;13.7;;410.75;668.75;91.363;9.477;86.2;49.117029;1.215;12.407;58612
12/02/2013;dic-13;1292.5;21.8;29.2;25.5;227;14.9;28.8;21.85;109;50.038;-2.44;0.4183;1.92403;;;;118.2;104.6;80.206;1205.25;842.3;13.72;98.42;418.5;605.25;91.363;9.477;86.2;49.117029;1.215;12.407;58612
01/02/2014;ene-14;1282.75;21.8;29;25.4;259;16.2;29.8;23;116;47.244;-6.22;0.68064;1.63825;7532.77;33800.46;55675.39;116.2;103.2;81.252;;808.2;18.41;97.49;406.25;555.75;106.905;8.711;97.1;53.39872;1.839;12.686;27048
02/03/2014;feb-14;1414;21.7;28.9;25.3;207;15.1;28.5;21.8;91.3;96.012;-7.17;0.50868;1.58583;;;;118.5;103.6;79.776;1324.9;839.2;14;102.59;433.25;602.25;106.905;8.711;97.1;53.39872;1.839;12.686;27048
03/03/2014;mar-14;1464;21.2;28.9;25.05;179;13.3;26.5;19.9;128.6;39.878;1.67;0.58045;1.21946;;;;122.1;106.2;80.108;1281.85;856.1;13.88;101.58;464;697.25;106.905;8.711;97.1;53.39872;1.839;12.686;27048
04/01/2014;abr-14;1512.75;20.1;28.4;24.25;91;10;22.3;16.15;91.2;131.318;11.72;0.70222;1.65301;;;;121.5;109.7;79.511;1291.1;866.3;13.41;99.74;485.5;721.5;106.905;8.711;97.1;53.39872;1.839;12.686;11024
05/01/2014;may-14;1493.25;17.2;25.9;21.55;81;7.1;18.2;12.65;55.3;102.616;17.83;0.62685;1.76839;;;;121.3;112.1;80.391;1250.5;877;11.4;102.71;465;627.25;106.905;8.711;97.1;53.39872;1.839;12.686;11024
06/02/2014;jun-14;1157.25;16.4;25.7;21.05;49;4;14.9;9.45;25.1;252.222;22.56;0.62453;1.52655;;;;119.3;116.2;79.78;1326.75;890.1;11.57;105.37;417;577.5;106.905;8.711;97.1;53.39872;1.839;12.686;11024
07/01/2014;jul-14;1082;16;26.1;21.05;30;3;14.2;8.6;23.8;65.532;21.17;0.59099;1.85949;;;;116.4;117.8;81.46;1281.7;876.1;16.95;98.17;356.5;530.25;106.905;8.711;97.1;53.39872;1.839;12.686;2504
08/01/2014;ago-14;1024.25;17.6;28.8;23.2;34;4.3;17;10.65;32;162.56;22.83;0.64941;1.80655;;;;113;119.2;82.736;1287.01;907.6;11.98;95.96;347.75;563.5;106.905;8.711;97.1;53.39872;1.839;12.686;2504
09/02/2014;sep-14;913.25;19.6;30.4;25;92;6.5;19.3;12.9;57.3;108.204;18;0.58086;2.11504;;;;109.3;117.9;;1208.5;886.2;16.31;91.16;319.5;477.75;106.905;8.711;97.1;53.39872;1.839;12.686;2504
10/01/2014;oct-14;1049.25;21.2;30.2;25.7;151;9.9;22.1;16;109;148.59;11.94;0.70096;1.60224;;;;109.4;117.2;86.915;1172.59;901.1;14.03;80.54;318.25;532.5;106.905;8.711;97.1;53.39872;1.839;12.686;68794
11/03/2014;nov-14;1016;21.2;29.2;25.2;173;12.7;25.8;19.25;102.1;49.53;1.5;0.7133;1.32116;;;;108.2;115.1;88.219;1167.23;919.3;13.33;66.15;359;578.5;106.905;8.711;97.1;53.39872;1.839;12.686;68794
12/01/2014;dic-14;1023.5;21.8;29.2;25.5;227;14.9;28.8;21.85;109;43.434;0.39;0.38473;2.1861;;;;105.1;108.8;;1283.09;923;19.2;53.27;377.25;589.75;106.905;8.711;97.1;53.39872;1.839;12.686;68794
01/02/2015;ene-15;961;21.8;29;25.4;259;16.2;29.8;23;116;28.448;-3.44;0.70994;0.91604;8016.43;34388.81;56762.73;100.7;103.8;94.846;;880.6;20.97;48.24;365.75;502.75;106.869;6.929;95.7;61.398276;2.332;12.367;36104
02/02/2015;feb-15;1031.75;21.7;28.9;25.3;207;15.1;28.5;21.8;91.3;32.258;-6.44;0.53838;0.38334;;;;98.5;100.5;95.253;1212.96;926.5;13.34;49.76;367.5;513;106.869;6.929;95.7;61.398276;2.332;12.367;36104
03/02/2015;mar-15;973.25;21.2;28.9;25.05;179;13.3;26.5;19.9;128.6;36.576;3.61;0.75171;0.79844;;;;95.6;96.8;98.379;1183.3;911;15.29;47.6;367;511.75;106.869;6.929;95.7;61.398276;2.332;12.367;36104
04/01/2015;abr-15;976;20.1;28.4;24.25;91;10;22.3;16.15;91.2;51.308;12.67;0.41032;1.58999;;;;94.7;97.7;94.811;1183.97;925.3;14.55;59.63;359;474;106.869;6.929;95.7;61.398276;2.332;12.367;17066
05/01/2015;may-15;934;17.2;25.9;21.55;81;7.1;18.2;12.65;55.3;160.528;18.5;0.53392;1.70283;;;;95;99.5;96.887;1190;929.8;13.84;60.3;348.25;477;106.869;6.929;95.7;61.398276;2.332;12.367;17066
06/01/2015;jun-15;1037.25;16.4;25.7;21.05;49;4;14.9;9.45;25.1;146.05;22.28;0.55378;1.77505;;;;94.5;98.6;;1172.75;909.7;18.23;59.47;346.75;615.75;106.869;6.929;95.7;61.398276;2.332;12.367;17066
07/01/2015;jul-15;940.25;16;26.1;21.05;30;3;14.2;8.6;23.8;115.062;23.22;0.66707;1.80113;;;;93.8;99.1;97.192;1095.01;911.9;12.12;47.12;365.75;499.25;106.869;6.929;95.7;61.398276;2.332;12.367;5188
08/03/2015;ago-15;887.5;17.6;28.8;23.2;34;4.3;17;10.65;32;59.69;22.56;0.54831;1.7248;;;;89.6;99.2;95.926;1134.35;854.7;28.43;49.2;346.5;485;106.869;6.929;95.7;61.398276;2.332;12.367;5188
09/01/2015;sep-15;892;19.6;30.4;25;92;6.5;19.3;12.9;57.3;39.878;21.67;0.51246;1.92836;;;;89;97.1;96.282;1114.55;828.5;24.5;45.09;360.5;512.75;106.869;6.929;95.7;61.398276;2.332;12.367;5188
10/01/2015;oct-15;885.75;21.2;30.2;25.7;151;9.9;22.1;16;109;39.116;13.72;0.52877;1.31198;;;;90.4;92.4;96.915;1141.59;888.3;15.07;46.59;372;522;106.869;6.929;95.7;61.398276;2.332;12.367;73865
11/02/2015;nov-15;881;21.2;29.2;25.2;173;12.7;25.8;19.25;102.1;112.268;8.5;0.66621;1.30667;;;;87.7;89.1;100.2;1064.6;891.7;16.13;41.65;356;475.5;106.869;6.929;95.7;61.398276;2.332;12.367;73865
12/01/2015;dic-15;864.25;21.8;29.2;25.5;227;14.9;28.8;21.85;109;212.09;4.89;0.64742;1.46796;;;;87.1;87;98.693;1118.12;872.9;18.21;37.04;357;470;106.869;6.929;95.7;61.398276;2.332;12.367;73865
01/04/2016;ene-16;882.25;21.8;29;25.4;259;16.2;29.8;23;116;22.352;-2.5;0.73451;1.47499;8516.51;34927.49;57292.54;84.9;84.2;99.531;1238.36;828.4;20.2;33.62;348.5;479.25;116.932;10.992;114.9;59.095246;2.465;13.596;41664
02/01/2016;feb-16;861;21.7;28.9;25.3;207;15.1;28.5;21.8;91.3;24.892;0.78;0.53874;1.11589;;;;86;85.9;;1232.15;831.1;20.55;33.75;352.5;453.25;116.932;10.992;114.9;59.095246;2.465;13.596;41664
03/01/2016;mar-16;910.75;21.2;28.9;25.05;179;13.3;26.5;19.9;128.6;83.566;8.72;0.55141;0.78225;;;;87.4;86.1;94.628;;886.2;13.95;38.34;347.5;473.5;116.932;10.992;114.9;59.095246;2.465;13.596;41664
04/01/2016;abr-16;1029.75;20.1;28.4;24.25;91;10;22.3;16.15;91.2;97.028;11.83;0.34527;1.68966;;;;89.2;87.9;93.082;1292.77;903.5;15.7;45.92;347.25;488.5;116.932;10.992;114.9;59.095246;2.465;13.596;23726
05/02/2016;may-16;1078.5;17.2;25.9;21.55;81;7.1;18.2;12.65;55.3;80.01;16.61;0.41365;1.66012;;;;90.6;90.2;95.798;1214.95;908.9;14.19;49.1;368;464.5;116.932;10.992;114.9;59.095246;2.465;13.596;23726
06/01/2016;jun-16;1153.25;16.4;25.7;21.05;49;4;14.9;9.45;25.1;59.69;23.89;0.5191;1.28116;;;;93.8;94.3;95.963;1321.49;914.9;15.63;48.33;360.25;445.5;116.932;10.992;114.9;59.095246;2.465;13.596;23726
07/01/2016;jul-16;1003;16;26.1;21.05;30;3;14.2;8.6;23.8;129.032;24.06;0.16535;1.64813;;;;93;95.3;95.517;1350.57;938.5;11.87;41.6;326.75;407.75;116.932;10.992;114.9;59.095246;2.465;13.596;5354
08/01/2016;ago-16;943;17.6;28.8;23.2;34;4.3;17;10.65;32;125.73;24.39;0.22684;1.59009;;;;95.3;96.4;;1308.76;941.4;13.42;44.7;310.75;388.25;116.932;10.992;114.9;59.095246;2.465;13.596;5354
09/01/2016;sep-16;954;19.6;30.4;25;92;6.5;19.3;12.9;57.3;69.088;21.83;0.21607;2.06444;;;;96.1;94.9;95.422;1315.55;935.7;13.29;48.24;315;402;116.932;10.992;114.9;59.095246;2.465;13.596;5354
10/03/2016;oct-16;1011.75;21.2;30.2;25.7;151;9.9;22.1;16;109;72.39;16.11;0.2898;1.744;;;;95.9;93;98.356;1276.75;920.1;17.06;46.86;335.25;416.25;116.932;10.992;114.9;59.095246;2.465;13.596;78899
11/01/2016;nov-16;1032.25;21.2;29.2;25.2;173;12.7;25.8;19.25;102.1;94.996;8.67;0.34661;1.9022;;;;95.8;93.4;101.53;1150.62;;13.33;;335.5;402.75;116.932;10.992;114.9;59.095246;2.465;13.596;78899
12/01/2016;dic-16;1004;21.8;29.2;25.5;227;14.9;28.8;21.85;109;26.924;-1.5;0.70046;2.29173;;;;95.1;90.7;102.21;;998.5;14.04;53.72;341.75;408;116.932;10.992;114.9;59.095246;2.465;13.596;78899
01/03/2017;ene-17;1024.5;21.8;29;25.4;259;16.2;29.8;23;116;54.61;0.11;0.72565;2.10273;9053.21;35764.45;58207.58;97.7;91.9;99.55;1210.47;1003.6;11.99;52.81;351.5;420.75;120.065;8.35;123.4;54.972546;2.619;15.283;47326
02/01/2017;feb-17;1035.75;21.7;28.9;25.3;207;15.1;28.5;21.8;91.3;10.922;4.89;0.77438;1.94277;;;;98.1;93.9;101.36;1248.78;1040.5;12.92;54.01;358;443.75;120.065;8.35;123.4;54.972546;2.619;15.283;47326
03/01/2017;mar-17;946;21.2;28.9;25.05;179;13.3;26.5;19.9;128.6;84.582;6.39;0.9165;1.50315;;;;96.2;95.7;100.56;;1026.1;12.37;50.6;354.25;426.5;120.065;8.35;123.4;54.972546;2.619;15.283;47326
04/03/2017;abr-17;956.25;20.1;28.4;24.25;91;10;22.3;16.15;91.2;133.858;14.11;0.76575;1.71867;;;;95.1;97.6;99.041;1267.91;1023.8;10.82;49.33;354.25;432.25;120.065;8.35;123.4;54.972546;2.619;15.283;26286
05/01/2017;may-17;916;17.2;25.9;21.55;81;7.1;18.2;12.65;55.3;228.346;16.83;0.77641;1.56481;;;;97.4;99.5;;1268.55;1017.6;10.41;48.32;364.25;429.25;120.065;8.35;123.4;54.972546;2.619;15.283;26286
06/01/2017;jun-17;954.75;16.4;25.7;21.05;49;4;14.9;9.45;25.1;29.718;23;0.73611;0.95869;;;;98;100.7;95.628;1241.33;1036;11.18;46.04;356.25;526;120.065;8.35;123.4;54.972546;2.619;15.283;26286
07/03/2017;jul-17;1007.25;16;26.1;21.05;30;3;14.2;8.6;23.8;125.222;25.11;0.72502;1.71216;;;;100.2;101.2;92.847;1268.95;1046.7;10.26;50.17;366;474.5;120.065;8.35;123.4;54.972546;2.619;15.283;8208
08/01/2017;ago-17;945.25;17.6;28.8;23.2;34;4.3;17;10.65;32;80.772;21.89;0.67086;1.65218;;;;99.3;100.3;92.567;1320.65;1030.8;10.59;47.23;332;434.5;120.065;8.35;123.4;54.972546;2.619;15.283;8208
09/01/2017;sep-17;968.25;19.6;30.4;25;92;6.5;19.3;12.9;57.3;22.352;20.67;0.56521;2.0578;;;;99.9;99.2;93.071;1279.72;1063.2;9.51;51.67;345.5;448.25;120.065;8.35;123.4;54.972546;2.619;15.283;8208
10/02/2017;oct-17;984.75;21.2;30.2;25.7;151;9.9;22.1;16;109;110.49;14.61;0.72914;1.9527;;;;98.9;98.4;94.542;1270.65;1074.2;10.18;54.38;342.5;418.5;120.065;8.35;123.4;54.972546;2.619;15.283;86020
11/01/2017;nov-17;985.75;21.2;29.2;25.2;173;12.7;25.8;19.25;102.1;34.544;6;0.75219;2.06918;;;;98.9;98.4;93.068;1302.67;;11.28;;335.5;433;120.065;8.35;123.4;54.972546;2.619;15.283;86020
12/01/2017;dic-17;961.75;21.8;29.2;25.5;227;14.9;28.8;21.85;109;18.034;-1.28;0.57305;2.82407;;;;96.4;96.1;92.297;1344.57;1124.8;11.04;60.42;346.5;427;120.065;8.35;123.4;54.972546;2.619;15.283;86020
01/02/2018;ene-18;995.75;21.8;29;25.4;259;16.2;29.8;23;116;24.892;-4.33;0.87379;1.90489;9619.19;36315.1;59607.39;96.8;95.6;;1318.2;1169.3;13.58;64.73;345.5;451.75;120.515;10.93;120.5;37.785927;2.737;15.967;57406
02/01/2018;feb-18;1055.5;21.7;28.9;25.3;207;15.1;28.5;21.8;91.3;121.666;0.33;1.08847;2.13804;;;;97.9;97;90.655;1325.03;1101.9;19.85;61.64;356.25;495;120.515;10.93;120.5;37.785927;2.737;15.967;57406
03/01/2018;mar-18;1044.75;21.2;28.9;25.05;179;13.3;26.5;19.9;128.6;88.9;3.67;1.02954;1.68874;;;;99;97.2;89.974;;1077.5;19.97;64.94;369.25;451;120.515;10.93;120.5;37.785927;2.737;15.967;57406
04/02/2018;abr-18;1048.5;20.1;28.4;24.25;91;10;22.3;16.15;91.2;70.358;7.94;1.01435;1.84679;;;;98.6;95.9;91.817;1315.5;1080;15.93;68.57;372;510.5;120.515;10.93;120.5;37.785927;2.737;15.967;33185
05/01/2018;may-18;1018.5;17.2;25.9;21.55;81;7.1;18.2;12.65;55.3;57.658;22.39;1.21609;1.96778;;;;98.7;95.3;93.977;1297.9;1082.1;15.43;67.04;390.75;526.25;120.515;10.93;120.5;37.785927;2.737;15.967;33185
06/01/2018;jun-18;880;16.4;25.7;21.05;49;4;14.9;9.45;25.1;144.272;24.39;1.24573;1.591;;;;97;95.1;94.47;1252.4;1081.2;16.09;74.15;338.75;501.25;120.515;10.93;120.5;37.785927;2.737;15.967;33185
07/02/2018;jul-18;919;16;26.1;21.05;30;3;14.2;8.6;23.8;185.42;23.78;1.15523;2.12309;;;;95.1;94.6;94.551;1223.7;1126.1;12.83;68.76;337.25;553.75;120.515;10.93;120.5;37.785927;2.737;15.967;11923
08/01/2018;ago-18;843.5;17.6;28.8;23.2;34;4.3;17;10.65;32;82.296;24;1.25524;2.12846;;;;96;95.8;95.099;1201.47;1141.2;12.86;69.8;340.25;545.5;120.515;10.93;120.5;37.785927;2.737;15.967;11923
09/04/2018;sep-18;845.5;19.6;30.4;25;92;6.5;19.3;12.9;57.3;91.948;21.72;1.13215;2.41001;;;;94.2;94.1;95.134;1190.4;1136.6;12.12;73.25;342.5;509;120.515;10.93;120.5;37.785927;2.737;15.967;11923
10/01/2018;oct-18;851.75;21.2;30.2;25.7;151;9.9;22.1;16;109;58.674;12.78;1.30013;2.21217;;;;93.3;92.3;;1215;1076.9;21.23;65.31;356.5;500.5;120.515;10.93;120.5;37.785927;2.737;15.967;101945
11/01/2018;nov-18;894.75;21.2;29.2;25.2;173;12.7;25.8;19.25;102.1;65.786;1.83;1.30866;2.16702;;;;92.2;92.9;97.197;;;18.07;;355.25;515.75;120.515;10.93;120.5;37.785927;2.737;15.967;101945
12/03/2018;dic-18;895;21.8;29.2;25.5;227;14.9;28.8;21.85;109;120.904;1.61;1.25497;1.98107;;;;92.2;92.9;96.024;1282.2;991.5;25.42;45.41;372.5;503.25;120.515;10.93;120.5;37.785927;2.737;15.967;101945
01/02/2019;ene-19;915.25;21.8;29;25.4;259;16.2;29.8;23;116;78.232;-3.94;1.04043;1.80396;10155.49;36847.88;60698.01;93.3;92.3;95.557;1313;1081;16.57;53.79;371;516.5;96.667;9.3;128.5;55.263891;2.711;18.092;74219
02/01/2019;feb-19;910.25;21.7;28.9;25.3;207;15.1;28.5;21.8;91.3;42.926;-0.83;1.06818;1.78943;;;;94;93.1;96.221;1291.91;1103.7;14.78;57.22;362.5;459.5;96.667;9.3;128.5;55.263891;2.711;18.092;74219
03/01/2019;mar-19;884.25;21.2;28.9;25.05;179;13.3;26.5;19.9;128.6;122.936;2.83;0.51721;1.37532;;;;93.2;94.6;97.211;;1106.2;13.71;60.14;356;457.75;96.667;9.3;128.5;55.263891;2.711;18.092;74219
04/01/2019;abr-19;854;20.1;28.4;24.25;91;10;22.3;16.15;91.2;142.494;11.89;0.4203;2.03738;;;;93.6;97.8;;1283.35;1154.8;13.12;63.91;342.25;428.75;96.667;9.3;128.5;55.263891;2.711;18.092;48528
05/01/2019;may-19;877.75;17.2;25.9;21.55;81;7.1;18.2;12.65;55.3;134.62;17.56;0.54043;2.18514;;;;94.3;100.5;97.609;1305.2;1066.3;18.71;53.5;343;503;96.667;9.3;128.5;55.263891;2.711;18.092;48528
06/03/2019;jun-19;923;16.4;25.7;21.05;49;4;14.9;9.45;25.1;129.794;21.94;0.4213;1.60914;;;;95.4;101.2;96.13;1409.1;1143.6;15.08;58.47;407;527.25;96.667;9.3;128.5;55.263891;2.711;18.092;48528
07/01/2019;jul-19;881.5;16;26.1;21.05;30;3;14.2;8.6;23.8;28.448;25.44;0.44057;1.74766;;;;95.1;102.4;;1412.3;1167.2;16.12;58.58;400;487.25;96.667;9.3;128.5;55.263891;2.711;18.092;24740
08/01/2019;ago-19;869;17.6;28.8;23.2;34;4.3;17;10.65;32;184.404;23.22;0.42005;1.71434;;;;94.1;102.3;98.807;1520.34;1135.2;18.98;55.1;355.25;462.5;96.667;9.3;128.5;55.263891;2.711;18.092;24740
09/03/2019;sep-19;906;19.6;30.4;25;92;6.5;19.3;12.9;57.3;128.778;22.67;0.23501;1.64493;;;;93.4;101;99.394;1472.16;1169.7;16.24;54.07;352.25;495.75;96.667;9.3;128.5;55.263891;2.711;18.092;24740
10/01/2019;oct-19;932.25;21.2;30.2;25.7;151;9.9;22.1;16;109;126.746;12.17;0.36832;1.7246;;;;95.2;101.6;97.331;1512.564;1201.3;13.22;54.18;378.25;508.75;96.667;9.3;128.5;55.263891;2.711;18.092;88518
11/01/2019;nov-19;876.75;21.2;29.2;25.2;173;12.7;25.8;19.25;102.1;54.356;2.67;0.43361;1.6973;;;;98.6;106.5;98.271;;;12.62;;362.25;541.75;96.667;9.3;128.5;55.263891;2.711;18.092;88518
12/02/2019;dic-19;955.5;21.8;29.2;25.5;227;14.9;28.8;21.85;109;36.576;1.83;0.51426;1.70378;;;;101;106.6;96.529;1517.177;1283.9;13.78;61.06;371;558.75;96.667;9.3;128.5;55.263891;2.711;18.092;88518
01/02/2020;ene-20;872.5;21.8;29;25.4;259;16.2;29.8;23;116;127.508;0.17;0.5051;1.79711;10358.26;34539.49;58453.45;102.5;103.6;97.362;;1245.1;18.84;51.56;375.25;553.75;114.749;10.456;139.5;48.796661;2.6;19.602;61368
02/03/2020;feb-20;892.75;21.7;28.9;25.3;207;15.1;28.5;21.8;91.3;69.85;-0.22;0.31599;1.64596;;;;99.4;100.5;98.127;1585.634;1123.7;40.11;44.76;361.75;525;114.749;10.456;139.5;48.796661;2.6;19.602;61368
03/02/2020;mar-20;886;21.2;28.9;25.05;179;13.3;26.5;19.9;128.6;106.172;7.39;-0.12784;0.98707;;;;95.2;99.4;98.947;1575.007;944.9;53.54;20.48;332;568.75;114.749;10.456;139.5;48.796661;2.6;19.602;61368
04/01/2020;abr-20;855.25;20.1;28.4;24.25;91;10;22.3;16.15;91.2;155.702;10.06;-0.11159;-0.05035;;;;92.5;96.9;99.039;1685.125;1050.1;34.15;18.84;300.25;524.25;114.749;10.456;139.5;48.796661;2.6;19.602;37595
05/01/2020;may-20;840.75;17.2;25.9;21.55;81;7.1;18.2;12.65;55.3;161.036;15.83;-0.02786;-0.21879;;;;91.1;95.4;98.295;1729.326;1082.1;27.51;35.49;312.25;520.75;114.749;10.456;139.5;48.796661;2.6;19.602;37595
06/01/2020;jun-20;882.25;16.4;25.7;21.05;49;4;14.9;9.45;25.1;134.112;23.44;-0.1537;0.51276;;;;93.3;94.8;;1781.858;1064.3;30.43;39.27;313.5;491.75;114.749;10.456;139.5;48.796661;2.6;19.602;37595
07/01/2020;jul-20;892.5;16;26.1;21.05;30;3;14.2;8.6;23.8;109.982;25.17;-0.34534;1.572;;;;94;92.2;93.455;1974.9;1102.7;24.46;40.27;314.5;531.25;114.749;10.456;139.5;48.796661;2.6;19.602;14276
08/03/2020;ago-20;953.5;17.6;28.8;23.2;34;4.3;17;10.65;32;23.876;22.83;-0.40713;1.67677;;;;95.9;92.2;92.157;1967.244;1143.3;26.41;42.61;307.25;552.25;114.749;10.456;139.5;48.796661;2.6;19.602;14276
09/01/2020;sep-20;1023.5;19.6;30.4;25;92;6.5;19.3;12.9;57.3;34.798;19.28;-0.34334;1.58276;;;;98;91.5;93.804;1885.328;1108;26.37;40.22;351;578;114.749;10.456;139.5;48.796661;2.6;19.602;14276
10/01/2020;oct-20;1056.25;21.2;30.2;25.7;151;9.9;22.1;16;109;56.642;11.39;-0.29174;1.39704;;;;101.4;91.8;94.038;1877.9;1085.1;38.02;35.79;377.25;598.5;114.749;10.456;139.5;48.796661;2.6;19.602;80197
11/02/2020;nov-20;1168.5;21.2;29.2;25.2;173;12.7;25.8;19.25;102.1;41.91;8.28;-0.21396;1.42003;;;;105.6;93.3;91.869;1776.7;1224.8;20.57;45.34;393;585;114.749;10.456;139.5;48.796661;2.6;19.602;80197
12/01/2020;dic-20;1311;21.8;29.2;25.5;227;14.9;28.8;21.85;109;32.258;0.78;-0.23232;1.64952;;;;108.6;94.8;89.937;1846.715;1259.8;22.75;48.52;414.5;640.5;114.749;10.456;139.5;48.796661;2.6;19.602;80197
01/04/2021;ene-21;1370;21.8;29;25.4;259;16;30.3;23.15;116;86.614;-1.78;-0.23502;1.44609;11188.3;36362.37;61855.52;113.5;96;90.584;1732.526;1240.2;33.09;52.2;479.5;663;121.528;11.889;130.5;46.217911;2.833;16.395;42502
02/01/2021;feb-21;1404.25;21.7;28.9;25.3;207;14;29.4;21.7;91.3;45.212;-5.78;-0.23082;1.67549;;;;116.6;97.8;93.232;1707.47;1314.6;27.95;61.5;524.75;660.25;121.528;11.889;130.5;46.217911;2.833;16.395;42502
03/01/2021;mar-21;1436.75;21.2;28.9;25.05;179;13.4;26.5;19.95;128.6;102.616;8;0.01251;1.51384;;;;119.2;100.8;;;1387.7;19.4;59.16;529.25;618;121.528;11.889;130.5;46.217911;2.833;16.395;42502
04/01/2021;abr-21;1534.25;20.1;28.4;24.25;91;11.9;25.1;18.5;91.2;59.436;11.61;0.11805;1.75472;;;;122.1;104.3;91.297;1768.76;1439.4;18.61;63.58;549.75;734.75;121.528;11.889;130.5;46.217911;2.833;16.395;20930
05/03/2021;may-21;1530.5;17.2;25.9;21.55;81;5.7;18.6;12.15;55.3;142.494;16.5;0.03695;1.86821;;;;128.1;107.4;89.833;1907.06;1475.1;16.77;66.32;602.75;663.5;121.528;11.889;130.5;46.217911;2.833;16.395;20930
5/30/2021;may-21;1399;16.4;25.7;21.05;49;3.7;14.5;9.1;25.1;172.72;23.78;0.03695;1.86821;;;;128.1;107.4;89.833;1907.06;1475.1;16.77;66.32;602.75;663.5;121.528;11.889;130.5;46.217911;2.833;16.395;20930
07/01/2021;jul-21;1349.25;16;26.1;21.05;30;2;16.3;9.15;23.8;69.342;23.56;0.03504;2.07312;;;;124.6;114.1;92.09;1814.15;1461.4;18.23;73.95;520.75;703.75;121.528;11.889;130.5;46.217911;2.833;16.395;6994
08/02/2021;ago-21;1292.5;17.6;28.8;23.2;34;4.1;19.2;11.65;32;53.848;24.67;-0.26102;2.46241;;;;128;113.4;92.641;1813.296;1487.2;16.49;68.5;525.25;722.25;121.528;11.889;130.5;46.217911;2.833;16.395;6994
09/01/2021;sep-21;1256;19.6;30.4;25;92;8.6;19.3;13.95;57.3;74.93;21.28;-0.19473;2.68414;;;;129.2;112.7;94.24;1756.388;1429.5;23.13;75.03;497.5;725.5;121.528;11.889;130.5;46.217911;2.833;16.395;6994
10/01/2021;oct-21;1249.5;21.2;30.2;25.7;151;9.4;24.5;16.95;109;199.644;15.56;0.0879;1.85437;;;;133.2;112;94.134;1782.763;1495.9;16.27;83.57;506.75;772.75;121.528;11.889;130.5;46.217911;2.833;16.395;85362
11/01/2021;nov-21;1217.25;21.2;29.2;25.2;173;12.5;26.2;19.35;102.1;73.66;4.39;0.164;2.47984;;;;135.3;112.5;;1829.24;;27.2;;547.75;787.25;121.528;11.889;130.5;46.217911;2.833;16.395;85362
12/01/2021;dic-21;1339.25;21.8;29.2;25.5;227;16.6;29.3;22.95;109;58.674;5;0.09169;2.62031;;;;133.7;111;95.67;;1539.1;17.21;75.21;567.25;770.75;121.528;11.889;130.5;46.217911;2.833;16.395;85362
01/03/2022;ene-22;1490.5;21.8;29;25.4;259;17.6;30.8;24.2;315.9;17.018;-5.11;0.3195;2.24176;;;;135.6;112.1;96.648;1796.64;1515.7;24.82;88.15;584.75;761.25;116.377;12.038;156;43.861066;2.554;20.28;52575
02/01/2022;feb-22;1636.75;21.7;28.9;25.3;207;15.4;27.3;21.35;74.1;87.376;-2.56;0.44159;2.62742;;;;141.2;113.9;96.747;1936.32;1494.9;30.14;95.72;610.25;934;116.377;12.038;156;43.861066;2.554;20.28;52575
03/01/2022;mar-22;1618.25;21.2;28.9;25.05;179;13.2;25;19.1;112;122.428;6.22;0.34709;3.0577;;;;159.7;119.3;98.348;;1529.8;20.57;100.28;692.75;1006;116.377;12.038;156;43.861066;2.554;20.28;52575
04/01/2022;abr-22;1684.75;20.1;28.4;24.25;91;9.6;22.1;15.85;139;81.28;10.06;0.9494;3.3929;;;;158.4;121.9;103.212;1895.638;1454.4;33.39;104.69;730.25;1055.75;116.377;12.038;156;43.861066;2.554;20.28;26332
05/02/2022;may-22;1683.25;17.2;25.9;21.55;81;5.9;17.3;11.6;2;103.632;19.06;1.2039;3.63466;;;;158.1;122.9;101.782;1836.652;1479.3;26.18;114.67;747.25;1087.5;116.377;12.038;156;43.861066;2.554;20.28;26332
06/01/2022;jun-22;1458;16.4;25.7;21.05;49;2.3;14.5;8.4;0;36.83;24;1.02509;4.22671;;;;154.7;125.9;104.738;1807.288;1357.8;28.7;105.76;627.75;884;116.377;12.038;156;43.861066;2.554;20.28;26332
07/01/2022;jul-22;1468.5;16;26.1;21.05;30;4.2;15.7;9.95;40.3;77.724;24.89;1.06217;3.30928;;;;140.6;124.1;105.828;1765.337;1436.9;21.32;98.62;561.5;807.75;116.377;12.038;156;43.861066;2.554;20.28;7468
08/01/2022;ago-22;1422.5;17.6;28.8;23.2;34;4.7;18;11.35;9;219.71;23.44;0.85563;3.37713;;;;137.6;121.1;;1710.93;1391.6;25.86;89.55;583;831.5;116.377;12.038;156;43.861066;2.554;20.28;7468
09/01/2022;sep-22;1364.75;19.6;30.4;25;92;6.2;21.5;13.85;5;115.57;20;1.20425;4.17915;;;;136;120.3;112.173;1660.73;1272.3;31.61;79.49;654;921.5;116.377;12.038;156;43.861066;2.554;20.28;7468
10/03/2022;oct-22;1419.5;21.2;30.2;25.7;151;8.7;21.3;15;114.2;91.694;12.28;1.79733;2.88196;;;;135.4;116.8;111.578;1632.77;1416.5;25.89;86.53;671.5;882.25;116.377;12.038;156;43.861066;2.554;20.28;82222
11/01/2022;nov-22;1469.5;21.2;29.2;25.2;173;14.2;28.3;21.25;72.2;45.72;6.11;1.93071;3.23905;;;;134.7;114.6;105.873;1822.79;;20.57;;651.25;795.5;116.377;12.038;156;43.861066;2.554;20.28;82222
12/01/2022;dic-22;1524;21.8;29.2;25.5;227;15.4;32;23.7;25;58.42;-0.5;1.57613;2.86812;;;;131.8;112.4;103.494;;1443.1;21.66;80.26;635;792;116.377;12.038;156;43.861066;2.554;20.28;82222
01/03/2023;ene-23;1538;;;;;;;0;;73.66;12.53;1.7831;2.67902;;;;130.2;111.1;102.089;1928.26;1538.4;19.41;78.87;648.25;761.25;;;;;;;45870
02/01/2023;feb-23;1479;;;;;;;0;;53.34;2.22;1.4202;2.61309;;;;129.8;113.3;104.954;1968.53;1487.3;20.71;77.05;630;705.5;;;;;;;45870
03/01/2023;mar-23;1505.5;;;;;;;0;;112.268;5.67;2.05964;2.07325;;;;126.5;113;102.594;;1510.4;18.69;75.67;606.75;692.25;;;;;;;45870
04/03/2023;abr-23;1419.25;;;;;;;0;;31.242;12.33;1.44391;2.65083;;;;127.7;116.7;101.672;1989.62;1530.9;15.77;76.78;572;633.75;;;;;;;
05/01/2023;may-23;1299.75;;;;;;;0;;49.022;18.67;1.5369;2.65364;;;;124.3;117.9;;1962.77;1494.5;17.93;68.09;547;594.25;;;;;;;
06/01/2023;jun-23;1310;;;;;;;0;;73.66;12.53;0.86799;1.31494;;;;;;102.867;1920.26;1561.7;13.43;69.16;581.25;746.5;;;;;;;
