"date,year month,price_soybean,Brazil-Tmin,Brazil-Tmax,Brazil-T mean,Brazil-Precipitation,ARGENTINA-Tmin,ARGENTINA-Tmax,ARGENTINA T Mean,ARGENTINA Precipitation,""Precipitation USA Decatur, IL (mm)"",""Avg Temperature USA Decatur, IL (Â°C)"",real_interest_rate,exp_infl_1year,china_gdp_pp,eur_gdp_pp,usa_gdp_pp,world_food_price_index,meat_price_index,DXY,price_gold,SP500,VIX,price_wti_oil,price_corn,price_wheat,SOYBEANS - USA PRODUCTION [mTons],SOYBEANS - Brazil PRODUCTION [mTons],SOYBEANS - Argentina PRODUCTION [mTons],SOYBEANS - USA Stocks [mTons]"
"7/1/1988,07-1988,787.5,16,26.1,21.05,30,3,14.2,8.6,23.8,51.562,25.39,4.43535,4.27011,883.76,24854.1,39014.2,64.2,66.2,97.53,436.1,326.2,25.36,14.21,217.25,252.5,  42.153 ,  23.600 ,9.9,""8,232"""
"8/1/1988,08-1988,867.5,17.6,28.8,23.2,34,6.8,17.3,12.05,32,58.928,25.67,4.54274,4.36281,883.76,24854.1,39014.2,64.2,66.2,97.69,429.3,326.2,25.36,14.21,217.25,252.5,  42.153 ,  23.600 ,9.9,""8,232"""
"9/1/1988,09-1988,813,19.6,30.4,25,92,5.4,18.1,11.75,57.3,77.978,20.33,4.70786,4.41421,883.76,24854.1,39014.2,64.2,66.2,97.69,394.4,326.2,25.36,14.21,217.25,252.5,  42.153 ,  23.600 ,9.9,""8,232"""
"10/3/1988,10-1988,789.25,21.2,30.2,25.7,151,8.7,21.9,15.3,109,52.07,9.28,4.46199,4.37206,883.76,24854.1,39014.2,64.2,66.2,93.76,412.7,326.2,25.36,14.21,217.25,252.5,  42.153 ,  23.600 ,9.9,""37,199"""
"11/1/1988,11-1988,763.75,21.2,29.2,25.2,173,11.7,27,19.35,102.1,149.86,5.89,4.35872,4.25045,883.76,24854.1,39014.2,64.2,66.2,90.53,410,326.2,25.36,14.21,217.25,252.5,  42.153 ,  23.600 ,9.9,""37,199"""
"12/1/1988,12-1988,819.25,21.8,29.2,25.5,227,16.8,30.1,23.45,109,85.852,-0.5,4.61794,4.46126,883.76,24854.1,39014.2,64.2,66.2,92.5,391.6,326.2,25.36,14.21,217.25,252.5,  42.153 ,  23.600 ,9.9,""37,199"""
"1/2/1989,01-1989,772.75,21.8,29,25.4,259,17.2,32.1,24.65,116,46.736,2.28,4.86319,4.48021,883.76,24854.1,39014.2,64.2,66.2,96.77,391.6,326.2,25.36,14.21,217.25,252.5,  52.354 ,  20.340 ,6.5,""24,229"""
"2/1/1989,02-1989,773.5,21.7,28.9,25.3,207,16.6,29.4,23,91.3,39.37,-5.83,4.73188,4.40077,883.76,25633.65,39303.49,64.2,66.2,95.67,385.1,326.2,25.36,14.21,217.25,252.5,  52.354 ,  20.340 ,6.5,""24,229"""
"3/1/1989,03-1989,738.25,21.2,28.9,25.05,179,13.5,25.3,19.4,128.6,53.848,5.39,4.97372,4.53051,883.76,25633.65,39303.49,64.2,66.2,98.14,377.9,326.2,25.36,14.21,217.25,252.5,  52.354 ,  20.340 ,6.5,""24,229"""
"4/3/1989,04-1989,729.5,20.1,28.4,24.25,91,10.2,23.7,16.95,91.2,148.844,11.5,4.87105,4.70286,883.76,25633.65,39303.49,64.2,66.2,97.71,377.9,326.2,25.36,14.21,217.25,252.5,  52.354 ,  20.340 ,6.5,""12,642"""
"5/1/1989,05-1989,714,17.2,25.9,21.55,81,7.1,18.6,12.85,55.3,97.282,15.61,4.62966,4.85257,883.76,25633.65,39303.49,64.2,66.2,102.02,363.3,326.2,25.36,14.21,217.25,252.5,  52.354 ,  20.340 ,6.5,""12,642"""
"6/1/1989,06-1989,653.5,16.4,25.7,21.05,49,5.4,16,10.7,25.1,68.072,22.11,4.41117,4.38414,883.76,25633.65,39303.49,64.2,66.2,102.02,374,326.2,25.36,14.21,217.25,252.5,  52.354 ,  20.340 ,6.5,""12,642"""
"7/3/1989,07-1989,578.75,16,26.1,21.05,30,3,14.2,8.6,23.8,38.862,24.33,4.00268,4.32661,883.76,25633.65,39303.49,64.2,66.2,97.39,370.5,326.2,25.36,14.21,217.25,252.5,  52.354 ,  20.340 ,6.5,""4,954"""
"8/1/1989,08-1989,587.5,17.6,28.8,23.2,34,6.8,17.3,12.05,32,81.788,22.72,3.73935,4.12738,883.76,25633.65,39303.49,64.2,66.2,102.28,360.8,326.2,25.36,14.21,217.25,252.5,  52.354 ,  20.340 ,6.5,""4,954"""
"9/1/1989,09-1989,568,19.6,30.4,25,92,5.4,18.1,11.75,57.3,131.572,17.5,4.27707,4.02127,883.76,25633.65,39303.49,64.2,66.2,98.47,367.2,326.2,25.36,14.21,217.25,252.5,  52.354 ,  20.340 ,6.5,""4,954"""
"10/2/1989,10-1989,572.25,21.2,30.2,25.7,151,8.7,21.9,15.3,109,44.958,13.56,4.29718,4.22397,883.76,25633.65,39303.49,64.2,66.2,98.07,374.7,326.2,25.36,14.21,217.25,252.5,  52.354 ,  20.340 ,6.5,""43,837"""
"11/1/1989,11-1989,582.75,21.2,29.2,25.2,173,11.7,27,19.35,102.1,26.416,5.89,4.03013,3.99881,883.76,25633.65,39303.49,64.2,66.2,96.27,402.5,326.2,25.36,14.21,217.25,252.5,  52.354 ,  20.340 ,6.5,""43,837"""
"12/1/1989,12-1989,582.25,21.8,29.2,25.5,227,16.8,30.1,23.45,109,17.018,-7.39,4.02967,3.66036,883.76,25633.65,39303.49,64.2,66.2,93.21,412.4,326.2,25.36,14.21,217.25,252.5,  52.354 ,  20.340 ,6.5,""43,837"""
"1/1/1990,01-1990,561,21.8,29,25.4,259,16.2,29.8,23,116,58.42,2.78,4.12762,4.15169,905.03,25633.65,39303.49,64.2,66.2,93.96,406.1,326.2,25.36,14.21,217.25,252.5,  52.416 ,  15.750 ,10.7,""28,726"""
"2/1/1990,02-1990,580.75,21.7,28.9,25.3,207,15.1,28.5,21.8,91.3,145.034,1.94,4.36693,4.43184,905.03,26182.87,38739.8,64.2,66.2,93.96,370.2,326.2,21.99,14.21,217.25,252.5,  52.416 ,  15.750 ,10.7,""28,726"""
"3/1/1990,03-1990,595,21.2,28.9,25.05,179,13.3,26.5,19.9,128.6,46.99,7.44,4.55197,3.99252,905.03,26182.87,38739.8,64.2,66.2,93.69,368.4,326.2,19.73,14.21,217.25,252.5,  52.416 ,  15.750 ,10.7,""28,726"""
"4/2/1990,04-1990,648.5,20.1,28.4,24.25,91,10,22.3,16.15,91.2,61.976,11.22,4.55216,4.13479,905.03,26182.87,38739.8,64.2,66.2,93.07,368.4,326.2,19.52,14.21,217.25,252.5,  52.416 ,  15.750 ,10.7,""16,218"""
"5/1/1990,05-1990,607.25,17.2,25.9,21.55,81,7.1,18.2,12.65,55.3,216.408,16,4.80506,4.2465,905.03,26182.87,38739.8,64.2,66.2,92.98,364.3,326.2,17.37,14.21,217.25,252.5,  52.416 ,  15.750 ,10.7,""16,218"""
"6/1/1990,06-1990,650.5,16.4,25.7,21.05,49,4,14.9,9.45,25.1,182.372,22.61,4.38261,4.19088,905.03,26182.87,38739.8,64.2,66.2,91.15,357.9,326.2,15.5,14.21,217.25,252.5,  52.416 ,  15.750 ,10.7,""16,218"""
"7/2/1990,07-1990,610,16,26.1,21.05,30,3,14.2,8.6,23.8,96.52,23.72,4.34182,4.07155,905.03,26182.87,38739.8,64.2,66.2,87.17,370,326.2,21.11,14.21,217.25,252.5,  52.416 ,  15.750 ,10.7,""6,508"""
"8/1/1990,08-1990,613.75,17.6,28.8,23.2,34,4.3,17,10.65,32,83.566,22.61,4.17053,4.12669,905.03,26182.87,38739.8,64.2,66.2,86.61,382.3,326.2,29.9,14.21,217.25,252.5,  52.416 ,  15.750 ,10.7,""6,508"""
"9/3/1990,09-1990,617.5,19.6,30.4,25,92,6.5,19.3,12.9,57.3,32.766,20.56,4.39874,4.73224,905.03,26182.87,38739.8,64.2,66.2,86,402.5,326.2,29.11,14.21,217.25,252.5,  52.416 ,  15.750 ,10.7,""6,508"""
"10/1/1990,10-1990,609.25,21.2,30.2,25.7,151,9.9,22.1,16,109,176.022,12.44,4.20054,5.0043,905.03,26182.87,38739.8,64.2,66.2,83,383.3,326.2,30.04,14.21,217.25,252.5,  52.416 ,  15.750 ,10.7,""45,830"""
"11/1/1990,11-1990,589.5,21.2,29.2,25.2,173,12.7,25.8,19.25,102.1,84.074,9.22,4.05885,4.95942,905.03,26182.87,38739.8,64.2,66.2,83,394.2,326.2,22.16,14.21,217.25,252.5,  52.416 ,  15.750 ,10.7,""45,830"""
"12/3/1990,12-1990,574.75,21.8,29.2,25.5,227,14.9,28.8,21.85,109,192.024,-0.83,3.89392,4.88768,905.03,26182.87,38739.8,64.2,66.2,83.07,394.2,326.2,26.38,14.21,217.25,252.5,  52.416 ,  15.750 ,10.7,""45,830"""
"1/1/1991,01-1991,566.75,21.8,29,25.4,259,16.2,29.8,23,116,46.482,-3.83,3.92293,4.073,975.46,26182.87,38739.8,64.2,66.2,81.93,367.4,326.2,20.91,14.21,217.25,252.5,  54.065 ,  19.300 ,10.8612,""32,390"""
"2/1/1991,02-1991,588,21.7,28.9,25.3,207,15.1,28.5,21.8,91.3,7.62,2.17,3.90705,3.79181,975.46,26431.65,39552.02,64.2,66.2,84.12,357.1,326.2,21.23,14.21,217.25,252.5,  54.065 ,  19.300 ,10.8612,""32,390"""
"3/1/1991,03-1991,574.75,21.2,28.9,25.05,179,13.3,26.5,19.9,128.6,116.332,7.28,4.17584,3.78863,975.46,26431.65,39552.02,64.2,66.2,92.04,355.9,326.2,16.88,14.21,217.25,252.5,  54.065 ,  19.300 ,10.8612,""32,390"""
"4/1/1991,04-1991,589.5,20.1,28.4,24.25,91,10,22.3,16.15,91.2,91.186,14.5,4.10983,3.75704,975.46,26431.65,39552.02,64.2,66.2,91.59,355.9,326.2,18.24,14.21,217.25,252.5,  54.065 ,  19.300 ,10.8612,""19,691"""
"5/1/1991,05-1991,581.75,17.2,25.9,21.55,81,7.1,18.2,12.65,55.3,87.376,21.39,4.04992,3.64226,975.46,26431.65,39552.02,64.2,66.2,93.13,361.4,326.2,15.93,14.21,217.25,252.5,  54.065 ,  19.300 ,10.8612,""19,691"""
"6/3/1991,06-1991,536.75,16.4,25.7,21.05,49,4,14.9,9.45,25.1,21.59,24.61,4.18764,3.57658,975.46,26431.65,39552.02,64.2,66.2,96.06,368.1,326.2,19.55,14.21,217.25,252.5,  54.065 ,  19.300 ,10.8612,""19,691"""
"7/1/1991,07-1991,600.5,16,26.1,21.05,30,3,14.2,8.6,23.8,47.752,12.53,4.22225,3.84927,975.46,26431.65,39552.02,64.2,66.2,93.49,363.6,326.2,15.18,14.21,217.25,252.5,  54.065 ,  19.300 ,10.8612,""8,955"""
"8/1/1991,08-1991,590.5,17.6,28.8,23.2,34,4.3,17,10.65,32,118.11,24.61,4.13992,3.7712,975.46,26431.65,39552.02,64.2,66.2,93.49,348.1,326.2,14.46,14.21,217.25,252.5,  54.065 ,  19.300 ,10.8612,""8,955"""
"9/2/1991,09-1991,587,19.6,30.4,25,92,6.5,19.3,12.9,57.3,51.308,20.06,3.8785,3.58586,975.46,26431.65,39552.02,64.2,66.2,89.76,354,326.2,15.85,14.21,217.25,252.5,  54.065 ,  19.300 ,10.8612,""8,955"""
"10/1/1991,10-1991,567,21.2,30.2,25.7,151,9.9,22.1,16,109,133.604,14.17,3.63786,3.59776,975.46,26431.65,39552.02,64.2,66.2,89.93,367.9,326.2,15.48,14.21,217.25,252.5,  54.065 ,  19.300 ,10.8612,""48,246"""
"11/1/1991,11-1991,557,21.2,29.2,25.2,173,12.7,25.8,19.25,102.1,62.738,3.78,3.56506,3.48628,975.46,26431.65,39552.02,64.2,66.2,88.19,354.1,326.2,20.26,14.21,217.25,252.5,  54.065 ,  19.300 ,10.8612,""48,246"""
"12/2/1991,12-1991,557,21.8,29.2,25.5,227,14.9,28.8,21.85,109,67.818,1.44,3.41033,3.55256,975.46,26431.65,39552.02,64.2,66.2,83.52,354.1,326.2,19.31,14.21,217.25,252.5,  54.065 ,  19.300 ,10.8612,""48,246"""
"1/1/1992,01-1992,572,21.8,29,25.4,259,16.2,29.8,23,116,27.178,0.06,3.19854,3.27244,1100.64,26431.65,39552.02,64.2,66.2,87.49,352.7,326.2,17.4,14.21,217.25,252.5,  59.612 ,  22.500 ,11.3081,""32,042"""
"2/3/1992,02-1992,589.25,21.7,28.9,25.3,207,15.1,28.5,21.8,91.3,30.988,3.5,3.62829,3.34095,1100.64,26149.86,40108.01,64.2,66.2,88.99,352.7,326.2,16.68,14.21,217.25,252.5,  59.612 ,  22.500 ,11.3081,""32,042"""
"3/2/1992,03-1992,588.25,21.2,28.9,25.05,179,13.3,26.5,19.9,128.6,67.818,7,3.66026,3.58706,1100.64,26149.86,40108.01,64.2,66.2,89.65,343.7,326.2,16.18,14.21,217.25,252.5,  59.612 ,  22.500 ,11.3081,""32,042"""
"4/1/1992,04-1992,580.25,20.1,28.4,24.25,91,10,22.3,16.15,91.2,66.04,11.89,3.78986,3.36848,1100.64,26149.86,40108.01,64.2,66.2,89.62,337.6,326.2,15.53,14.21,217.25,252.5,  59.612 ,  22.500 ,11.3081,""18,933"""
"5/1/1992,05-1992,614,17.2,25.9,21.55,81,7.1,18.2,12.65,55.3,21.844,16.94,3.74617,3.40972,1100.64,26149.86,40108.01,64.2,66.2,87.22,336.4,326.2,13.86,14.21,217.25,252.5,  59.612 ,  22.500 ,11.3081,""18,933"""
"6/1/1992,06-1992,618.75,16.4,25.7,21.05,49,4,14.9,9.45,25.1,79.502,21.33,3.56858,3.55473,1100.64,26149.86,40108.01,64.2,66.2,81.91,343.1,326.2,13.35,14.21,217.25,252.5,  59.612 ,  22.500 ,11.3081,""18,933"""
"7/1/1992,07-1992,552,16,26.1,21.05,30,3,14.2,8.6,23.8,424.688,23.33,3.3531,3.28007,1100.64,26149.86,40108.01,64.2,66.2,81.91,357.4,326.2,13.17,14.21,217.25,252.5,  59.612 ,  22.500 ,11.3081,""7,578"""
"8/3/1992,08-1992,541,17.6,28.8,23.2,34,4.3,17,10.65,32,18.542,21.06,3.12482,3.11369,1100.64,26149.86,40108.01,64.2,66.2,78.87,344.5,326.2,13.58,14.21,217.25,252.5,  59.612 ,  22.500 ,11.3081,""7,578"""
"9/1/1992,09-1992,540.75,19.6,30.4,25,92,6.5,19.3,12.9,57.3,71.374,18.72,2.95734,3.00563,1100.64,26149.86,40108.01,64.2,66.2,81.1,347.8,326.2,14.28,14.21,217.25,252.5,  59.612 ,  22.500 ,11.3081,""7,578"""
"10/1/1992,10-1992,552.75,21.2,30.2,25.7,151,9.9,22.1,16,109,24.13,13.44,2.72804,2.95352,1100.64,26149.86,40108.01,64.2,66.2,87.58,334.3,326.2,16.15,14.21,217.25,252.5,  59.612 ,  22.500 ,11.3081,""49,967"""
"11/2/1992,11-1992,563.75,21.2,29.2,25.2,173,12.7,25.8,19.25,102.1,230.378,5.22,3.32463,3.08306,1100.64,26149.86,40108.01,64.2,66.2,90.85,334.3,326.2,13.01,14.21,217.25,252.5,  59.612 ,  22.500 ,11.3081,""49,967"""
"12/1/1992,12-1992,574.25,21.8,29.2,25.5,227,14.9,28.8,21.85,109,76.2,0,3.50969,3.01223,1100.64,26149.86,40108.01,64.2,66.2,92.36,330.2,326.2,12.57,14.21,217.25,252.5,  59.612 ,  22.500 ,11.3081,""49,967"""
"1/1/1993,01-1993,574,21.8,29,25.4,259,16.2,29.8,23,116,108.458,-2,3.26791,3.04627,1239.13,26149.86,40108.01,64.2,66.2,92.45,328.4,326.2,12.42,14.21,217.25,252.5,  50.885 ,  24.700 ,11.0434,""33,082"""
"2/1/1993,02-1993,580,21.7,28.9,25.3,207,15.1,28.5,21.8,91.3,73.66,12.53,3.00479,2.91467,1239.13,26715.39,41215.34,64.2,66.2,91.9,337.6,326.2,13.16,14.21,217.25,252.5,  50.885 ,  24.700 ,11.0434,""33,082"""
"3/1/1993,03-1993,588.25,21.2,28.9,25.05,179,13.3,26.5,19.9,128.6,56.388,3.28,2.67342,2.9762,1239.13,26715.39,41215.34,64.2,66.2,89.52,356.5,326.2,12.53,14.21,217.25,252.5,  50.885 ,  24.700 ,11.0434,""33,082"""
"4/1/1993,04-1993,591.25,20.1,28.4,24.25,91,10,22.3,16.15,91.2,130.556,11,2.77452,2.90801,1239.13,26715.39,41215.34,64.2,66.2,89.52,356.5,326.2,12.42,14.21,217.25,252.5,  50.885 ,  24.700 ,11.0434,""18,599"""
"5/3/1993,05-1993,608.5,17.2,25.9,21.55,81,7.1,18.2,12.65,55.3,41.148,18.17,2.66472,2.82277,1239.13,26715.39,41215.34,64.2,66.2,89.02,378.3,326.2,13.47,14.21,217.25,252.5,  50.885 ,  24.700 ,11.0434,""18,599"""
"6/1/1993,06-1993,658.5,16.4,25.7,21.05,49,4,14.9,9.45,25.1,104.648,22.33,2.76124,2.81073,1239.13,26715.39,41215.34,64.2,66.2,93.63,378.4,326.2,11.26,14.21,217.25,252.5,  50.885 ,  24.700 ,11.0434,""18,599"""
"7/1/1993,07-1993,688,16,26.1,21.05,30,3,14.2,8.6,23.8,178.562,25.33,2.5918,2.82048,1239.13,26715.39,41215.34,64.2,66.2,95.37,407,326.2,11.73,14.21,217.25,252.5,  50.885 ,  24.700 ,11.0434,""7,955"""
"8/2/1993,08-1993,663.5,17.6,28.8,23.2,34,4.3,17,10.65,32,116.332,24.39,2.7029,2.83092,1239.13,26715.39,41215.34,64.2,66.2,93.95,373,326.2,11.85,14.21,217.25,252.5,  50.885 ,  24.700 ,11.0434,""7,955"""
"9/1/1993,09-1993,629.75,19.6,30.4,25,92,6.5,19.3,12.9,57.3,198.882,16.89,2.45058,2.68603,1239.13,26715.39,41215.34,64.2,66.2,92.81,355.1,326.2,12.99,14.21,217.25,252.5,  50.885 ,  24.700 ,11.0434,""7,955"""
"10/1/1993,10-1993,629.5,21.2,30.2,25.7,151,9.9,22.1,16,109,80.264,12,2.39884,2.76981,1239.13,26715.39,41215.34,64.2,66.2,95.08,369.8,326.2,11.46,14.21,217.25,252.5,  50.885 ,  24.700 ,11.0434,""42,827"""
"11/1/1993,11-1993,671.5,21.2,29.2,25.2,173,12.7,25.8,19.25,102.1,95.25,4.83,2.5623,2.80569,1239.13,26715.39,41215.34,64.2,66.2,96.84,390.8,326.2,13.76,14.21,217.25,252.5,  50.885 ,  24.700 ,11.0434,""42,827"""
"12/1/1993,12-1993,712.5,21.8,29.2,25.5,227,14.9,28.8,21.85,109,26.162,0.11,2.72012,2.66187,1239.13,26715.39,41215.34,64.2,66.2,96.84,381.6,326.2,11.66,14.21,217.25,252.5,  50.885 ,  24.700 ,11.0434,""42,827"""
"1/3/1994,01-1994,686.75,21.8,29,25.4,259,16.2,29.8,23,116,32.258,-5.22,2.77268,2.85465,1384.93,26715.39,41215.34,64.2,66.2,95.59,381.6,326.2,10.63,14.21,217.25,252.5,  68.444 ,  25.900 ,11.7199,""27,804"""
"2/1/1994,02-1994,683.75,21.7,28.9,25.3,207,15.1,28.5,21.8,91.3,21.336,-1.78,2.62017,2.80426,1384.93,27291.62,41820.68,64.2,66.2,94.55,391.8,326.2,14.87,14.21,217.25,252.5,  68.444 ,  25.900 ,11.7199,""27,804"""
"3/1/1994,03-1994,681.75,21.2,28.9,25.05,179,13.3,26.5,19.9,128.6,29.972,5.78,2.9712,3.27245,1384.93,27291.62,41820.68,64.2,66.2,93.06,376.6,326.2,20.45,14.21,217.25,252.5,  68.444 ,  25.900 ,11.7199,""27,804"""
"4/1/1994,04-1994,676.5,20.1,28.4,24.25,91,10,22.3,16.15,91.2,149.352,12.22,3.65918,3.21953,1384.93,27291.62,41820.68,64.2,66.2,92.12,376.6,326.2,13.77,14.21,217.25,252.5,  68.444 ,  25.900 ,11.7199,""15,112"""
"5/2/1994,05-1994,701,17.2,25.9,21.55,81,7.1,18.2,12.65,55.3,88.138,16.39,3.62458,3.24348,1384.93,27291.62,41820.68,64.2,66.2,92.52,387.1,326.2,13.03,14.21,217.25,252.5,  68.444 ,  25.900 ,11.7199,""15,112"""
"6/1/1994,06-1994,628.75,16.4,25.7,21.05,49,4,14.9,9.45,25.1,99.314,23.61,3.59357,3.42293,1384.93,27291.62,41820.68,64.2,66.2,89.62,385.8,326.2,14.97,14.21,217.25,252.5,  68.444 ,  25.900 ,11.7199,""15,112"""
"7/1/1994,07-1994,565.75,16,26.1,21.05,30,3,14.2,8.6,23.8,62.992,23.78,3.78642,3.28488,1384.93,27291.62,41820.68,64.2,66.2,89.87,383,326.2,11.13,14.21,217.25,252.5,  68.444 ,  25.900 ,11.7199,""5,691"""
"8/1/1994,08-1994,573.75,17.6,28.8,23.2,34,4.3,17,10.65,32,127,22,3.58028,3.28824,1384.93,27291.62,41820.68,64.2,66.2,87.88,386.3,326.2,11.97,14.21,217.25,252.5,  68.444 ,  25.900 ,11.7199,""5,691"""
"9/1/1994,09-1994,536,19.6,30.4,25,92,6.5,19.3,12.9,57.3,60.452,18.67,3.6371,3.25156,1384.93,27291.62,41820.68,64.2,66.2,87.88,394.2,326.2,14.28,14.21,217.25,252.5,  68.444 ,  25.900 ,11.7199,""5,691"""
"10/3/1994,10-1994,554,21.2,30.2,25.7,151,9.9,22.1,16,109,73.66,14.28,3.95662,3.49838,1384.93,27291.62,41820.68,64.2,66.2,85.69,383.5,326.2,14.56,14.21,217.25,252.5,  68.444 ,  25.900 ,11.7199,""57,206"""
"11/1/1994,11-1994,563.5,21.2,29.2,25.2,173,12.7,25.8,19.25,102.1,73.66,8.5,4.10325,3.57385,1384.93,27291.62,41820.68,64.2,66.2,89.13,383.1,326.2,15.95,14.21,217.25,252.5,  68.444 ,  25.900 ,11.7199,""57,206"""
"12/1/1994,12-1994,561.5,21.8,29.2,25.5,227,14.9,28.8,21.85,109,48.006,2.78,4.11695,3.90722,1384.93,27291.62,41820.68,64.2,66.2,88.72,375.4,326.2,13.2,14.21,217.25,252.5,  68.444 ,  25.900 ,11.7199,""57,206"""
"1/2/1995,01-1995,547.5,21.8,29,25.4,259,16.2,29.8,23,116,76.708,-3.11,4.24429,3.70017,1520.03,27291.62,41820.68,64.2,66.2,87.99,375.4,326.2,11.96,14.21,217.25,252.5,  59.174 ,  24.150 ,12.133,""37,291"""
"2/1/1995,02-1995,564.75,21.7,28.9,25.3,207,15.1,28.5,21.8,91.3,8.636,-0.61,4.055,3.56372,1520.03,27681.16,42896.42,64.2,66.2,85.93,392.2,326.2,11.75,14.21,217.25,252.5,  59.174 ,  24.150 ,12.133,""37,291"""
"3/1/1995,03-1995,574,21.2,28.9,25.05,179,13.3,26.5,19.9,128.6,85.852,6.89,3.72099,3.47413,1520.03,27681.16,42896.42,64.2,66.2,81.9,387,326.2,13.37,14.21,217.25,252.5,  59.174 ,  24.150 ,12.133,""37,291"""
"4/3/1995,04-1995,580,20.1,28.4,24.25,91,10,22.3,16.15,91.2,100.076,11.22,3.65493,3.46442,1520.03,27681.16,42896.42,64.2,66.2,81.8,387,326.2,11.75,14.21,217.25,252.5,  59.174 ,  24.150 ,12.133,""21,551"""
"5/1/1995,05-1995,580.75,17.2,25.9,21.55,81,7.1,18.2,12.65,55.3,246.38,16.06,3.42048,3.46624,1520.03,27681.16,42896.42,64.2,66.2,81.58,385.1,326.2,13.77,14.21,217.25,252.5,  59.174 ,  24.150 ,12.133,""21,551"""
"6/1/1995,06-1995,595,16.4,25.7,21.05,49,4,14.9,9.45,25.1,51.308,22.67,2.90471,3.05712,1520.03,27681.16,42896.42,64.2,66.2,81.58,384.9,326.2,11.38,14.21,217.25,252.5,  59.174 ,  24.150 ,12.133,""21,551"""
"7/3/1995,07-1995,614,16,26.1,21.05,30,3,14.2,8.6,23.8,41.656,25.11,2.93803,3.25678,1520.03,27681.16,42896.42,64.2,66.2,81.57,382.3,326.2,13.49,14.21,217.25,252.5,  59.174 ,  24.150 ,12.133,""9,112"""
"8/1/1995,08-1995,623,17.6,28.8,23.2,34,4.3,17,10.65,32,42.672,26.83,3.14849,3.26756,1520.03,27681.16,42896.42,64.2,66.2,85.57,382.9,326.2,11.52,14.21,217.25,252.5,  59.174 ,  24.150 ,12.133,""9,112"""
"9/1/1995,09-1995,646,19.6,30.4,25,92,6.5,19.3,12.9,57.3,29.972,18.33,3.0176,3.20992,1520.03,27681.16,42896.42,64.2,66.2,84.29,383.8,326.2,12.74,14.21,217.25,252.5,  59.174 ,  24.150 ,12.133,""9,112"""
"10/2/1995,10-1995,684.5,21.2,30.2,25.7,151,9.9,22.1,16,109,90.678,13.78,3.00973,3.131,1520.03,27681.16,42896.42,64.2,66.2,83.66,383,326.2,13.83,14.21,217.25,252.5,  59.174 ,  24.150 ,12.133,""49,898"""
"11/1/1995,11-1995,686.25,21.2,29.2,25.2,173,12.7,25.8,19.25,102.1,65.532,2.28,2.88422,2.98332,1520.03,27681.16,42896.42,64.2,66.2,85.26,387.6,326.2,11.58,14.21,217.25,252.5,  59.174 ,  24.150 ,12.133,""49,898"""
"12/1/1995,12-1995,744.75,21.8,29.2,25.5,227,14.9,28.8,21.85,109,45.212,-2.22,2.72215,2.75186,1520.03,27681.16,42896.42,64.2,66.2,84.76,405.6,326.2,12.52,14.21,217.25,252.5,  59.174 ,  24.150 ,12.133,""49,898"""
"1/1/1996,01-1996,738.75,21.8,29,25.4,259,16.2,29.8,23,116,60.452,-4.06,2.64759,3.00383,1653.43,27681.16,42896.42,64.2,66.2,86.29,399.9,334.9,12.53,14.21,217.25,252.5,  64.780 ,  27.300 ,12.4482,""32,396"""
"2/1/1996,02-1996,745,21.7,28.9,25.3,207,15.1,28.5,21.8,91.3,32.258,0.17,2.59786,2.91968,1653.43,28362.93,44267.91,64.2,66.2,86.29,395.8,335.3,17.04,14.21,217.25,252.5,  64.780 ,  27.300 ,12.4482,""32,396"""
"3/1/1996,03-1996,751,21.2,28.9,25.05,179,13.3,26.5,19.9,128.6,52.324,2.5,2.89729,2.6168,1653.43,28362.93,44267.91,64.2,66.2,86.52,391.9,345.9,18.88,14.21,217.25,252.5,  64.780 ,  27.300 ,12.4482,""32,396"""
"4/1/1996,04-1996,795,20.1,28.4,24.25,91,10,22.3,16.15,91.2,126.238,10.83,3.10833,3.13336,1653.43,28362.93,44267.91,64.2,66.2,88.02,391.9,346.5,15.83,14.21,217.25,252.5,  64.780 ,  27.300 ,12.4482,""16,950"""
"5/1/1996,05-1996,788.25,17.2,25.9,21.55,81,7.1,18.2,12.65,55.3,272.288,17.94,3.30503,3.24782,1653.43,28362.93,44267.91,64.2,66.2,87.78,390.9,349.7,16.07,14.21,217.25,252.5,  64.780 ,  27.300 ,12.4482,""16,950"""
"6/3/1996,06-1996,746.25,16.4,25.7,21.05,49,4,14.9,9.45,25.1,67.564,22.67,3.49408,3.22614,1653.43,28362.93,44267.91,64.2,66.2,87.82,380.1,350.7,13.68,14.21,217.25,252.5,  64.780 ,  27.300 ,12.4482,""16,950"""
"7/1/1996,07-1996,733,16,26.1,21.05,30,3,14.2,8.6,23.8,66.802,22.94,3.36926,3.14487,1653.43,28362.93,44267.91,64.2,66.2,86.36,387.5,333.6,19.46,14.21,217.25,252.5,  64.780 ,  27.300 ,12.4482,""4,993"""
"8/1/1996,08-1996,794.5,17.6,28.8,23.2,34,4.3,17,10.65,32,50.8,23.83,3.32942,3.10732,1653.43,28362.93,44267.91,64.2,66.2,86.36,386.9,341,17.01,14.21,217.25,252.5,  64.780 ,  27.300 ,12.4482,""4,993"""
"9/2/1996,09-1996,758,19.6,30.4,25,92,6.5,19.3,12.9,57.3,61.976,18.22,3.52082,3.13478,1653.43,28362.93,44267.91,64.2,66.2,87.94,377.7,356.6,16.95,14.21,217.25,252.5,  64.780 ,  27.300 ,12.4482,""4,993"""
"10/1/1996,10-1996,669,21.2,30.2,25.7,151,9.9,22.1,16,109,39.624,13.78,3.31835,3.18054,1653.43,28362.93,44267.91,64.2,66.2,87.43,378.1,367.4,18.11,14.21,217.25,252.5,  64.780 ,  27.300 ,12.4482,""49,671"""
"11/1/1996,11-1996,712.75,21.2,29.2,25.2,173,12.7,25.8,19.25,102.1,110.998,1.72,3.14165,3.09871,1653.43,28362.93,44267.91,64.2,66.2,87.92,368.3,393.3,17.14,14.21,217.25,252.5,  64.780 ,  27.300 ,12.4482,""49,671"""
"12/2/1996,12-1996,687.75,21.8,29.2,25.5,227,14.9,28.8,21.85,109,30.226,0.17,2.95094,2.96324,1653.43,28362.93,44267.91,64.2,66.2,88.12,368.3,388,20.92,14.21,217.25,252.5,  64.780 ,  27.300 ,12.4482,""49,671"""
"1/1/1997,01-1997,738.25,21.8,29,25.4,259,16.2,29.8,23,116,103.632,-6.83,3.25487,3.1574,1787.76,28362.93,44267.91,64.2,66.2,93.04,359.5,403.5,19.47,14.21,217.25,252.5,  73.176 ,  32.500 ,11.00489,""28,733"""
"2/3/1997,02-1997,793.25,21.7,28.9,25.3,207,15.1,28.5,21.8,91.3,99.568,1.56,3.21337,3.13088,1787.76,29162.54,45715.69,64.2,66.2,94.89,359.5,405.1,21.1,14.21,217.25,252.5,  73.176 ,  32.500 ,11.00489,""28,733"""
"3/3/1997,03-1997,855.75,21.2,28.9,25.05,179,13.3,26.5,19.9,128.6,57.404,7.11,3.30856,3.23446,1787.76,29162.54,45715.69,64.2,66.2,94.72,351,390,22.14,14.21,217.25,252.5,  73.176 ,  32.500 ,11.00489,""28,733"""
"4/1/1997,04-1997,887,20.1,28.4,24.25,91,10,22.3,16.15,91.2,42.672,10,3.55047,3.23281,1787.76,29162.54,45715.69,64.2,66.2,97.23,340,405,20.06,14.21,217.25,252.5,  73.176 ,  32.500 ,11.00489,""13,605"""
"5/1/1997,05-1997,880.5,17.2,25.9,21.55,81,7.1,18.2,12.65,55.3,111.76,15,3.43698,3.13415,1787.76,29162.54,45715.69,64.2,66.2,94.85,344.8,430.2,19.19,14.21,217.25,252.5,  73.176 ,  32.500 ,11.00489,""13,605"""
"6/2/1997,06-1997,617.5,16.4,25.7,21.05,49,4,14.9,9.45,25.1,56.896,22.22,3.27911,3.20109,1787.76,29162.54,45715.69,64.2,66.2,95.67,334.2,446.5,21.53,14.21,217.25,252.5,  73.176 ,  32.500 ,11.00489,""13,605"""
"7/1/1997,07-1997,658,16,26.1,21.05,30,3,14.2,8.6,23.8,73.66,12.53,3.19988,3.09032,1787.76,29162.54,45715.69,64.2,66.2,99.64,324.1,481,21.48,14.21,217.25,252.5,  73.176 ,  32.500 ,11.00489,""3,588"""
"8/1/1997,08-1997,625.5,17.6,28.8,23.2,34,4.3,17,10.65,32,73.66,12.53,3.08851,2.96922,1787.76,29162.54,45715.69,64.2,66.2,99,325,458.5,24.76,14.21,217.25,252.5,  73.176 ,  32.500 ,11.00489,""3,588"""
"9/1/1997,09-1997,621.5,19.6,30.4,25,92,6.5,19.3,12.9,57.3,101.6,19.67,3.15087,3.01349,1787.76,29162.54,45715.69,64.2,66.2,95.64,328,486,22.91,14.21,217.25,252.5,  73.176 ,  32.500 ,11.00489,""3,588"""
"10/1/1997,10-1997,696.25,21.2,30.2,25.7,151,9.9,22.1,16,109,43.434,13.33,3.01659,2.98814,1787.76,29162.54,45715.69,64.2,66.2,95.64,325.6,467.5,35.09,14.21,217.25,252.5,  73.176 ,  32.500 ,11.00489,""54,415"""
"11/3/1997,11-1997,718.25,21.2,29.2,25.2,173,12.7,25.8,19.25,102.1,86.36,4.22,2.97296,2.93275,1787.76,29162.54,45715.69,64.2,66.2,97.79,306.5,480.2,27.43,14.21,217.25,252.5,  73.176 ,  32.500 ,11.00489,""54,415"""
"12/1/1997,12-1997,676.25,21.8,29.2,25.5,227,14.9,28.8,21.85,109,18.034,0.61,2.91985,2.93546,1787.76,29162.54,45715.69,64.2,66.2,100.79,292.3,495,24.01,14.21,217.25,252.5,  73.176 ,  32.500 ,11.00489,""54,415"""
"1/1/1998,01-1998,672.75,21.8,29,25.4,259,16.2,29.8,23,116,58.928,0.22,2.8403,2.75701,1909.62,29162.54,45715.69,64.2,66.2,100.79,291.8,487,21.47,14.21,217.25,252.5,  74.598 ,  31.300 ,18.732172,""32,738"""
"2/2/1998,02-1998,658.25,21.7,28.9,25.3,207,15.1,28.5,21.8,91.3,49.784,4.61,2.77707,2.61771,1909.62,29949.77,47360.54,64.2,66.2,99.82,291.8,520.1,18.55,14.21,217.25,252.5,  74.598 ,  31.300 ,18.732172,""32,738"""
"3/2/1998,03-1998,645,21.2,28.9,25.05,179,13.3,26.5,19.9,128.6,136.398,3.78,2.85251,2.87148,1909.62,29949.77,47360.54,64.2,66.2,101.5,299.4,548.5,24.22,14.21,217.25,252.5,  74.598 ,  31.300 ,18.732172,""32,738"""
"4/1/1998,04-1998,638.5,20.1,28.4,24.25,91,10,22.3,16.15,91.2,75.692,12.53,2.84607,2.72674,1909.62,29949.77,47360.54,64.2,66.2,99.71,310.4,553,21.18,14.21,217.25,252.5,  74.598 ,  31.300 ,18.732172,""16,157"""
"5/1/1998,05-1998,618.5,17.2,25.9,21.55,81,7.1,18.2,12.65,55.3,109.982,12.53,2.89304,2.64484,1909.62,29949.77,47360.54,64.2,66.2,100.45,299.6,543.4,21.32,14.21,217.25,252.5,  74.598 ,  31.300 ,18.732172,""16,157"""
"6/1/1998,06-1998,616.75,16.4,25.7,21.05,49,4,14.9,9.45,25.1,178.054,12.53,2.871,2.46502,1909.62,29949.77,47360.54,64.2,66.2,101.2,293.4,550,19.71,14.21,217.25,252.5,  74.598 ,  31.300 ,18.732172,""16,157"""
"7/1/1998,07-1998,560.75,16,26.1,21.05,30,3,14.2,8.6,23.8,77.724,24.94,2.77071,2.73618,1909.62,29949.77,47360.54,64.3,66.7,101.2,293.9,534.8,24.8,14.21,217.25,252.5,  74.598 ,  31.300 ,18.732172,""5,438"""
"8/3/1998,08-1998,511.5,17.6,28.8,23.2,34,4.3,17,10.65,32,135.128,24.61,2.77934,2.71244,1909.62,29949.77,47360.54,62.4,64.2,100.2,274.1,441,44.28,13.34,187,254,  74.598 ,  31.300 ,18.732172,""5,438"""
"9/1/1998,09-1998,520.75,19.6,30.4,25,92,6.5,19.3,12.9,57.3,18.542,23.06,2.49624,2.53364,1909.62,29949.77,47360.54,61.9,64.6,96.17,289.5,474.9,40.95,16.14,185,269.25,  74.598 ,  31.300 ,18.732172,""5,438"""
"10/1/1998,10-1998,568.25,21.2,30.2,25.7,151,9.9,22.1,16,109,74.422,14.67,1.93515,2.36018,1909.62,29949.77,47360.54,62.7,64.1,93.73,293.4,511.5,28.05,14.42,204.5,294.25,  74.598 ,  31.300 ,18.732172,""59,505"""
"11/2/1998,11-1998,593.5,21.2,29.2,25.2,173,12.7,25.8,19.25,102.1,39.624,7.94,2.22103,2.34582,1909.62,29949.77,47360.54,62.6,62.7,96.2,292.65,532.5,26.01,11.22,214.25,294.25,  74.598 ,  31.300 ,18.732172,""59,505"""
"12/1/1998,12-1998,541.25,21.8,29.2,25.5,227,14.9,28.8,21.85,109,22.352,1.72,2.22958,2.27048,1909.62,29949.77,47360.54,62.1,63.3,94.17,285.9,558.5,24.42,12.05,213,276.25,  74.598 ,  31.300 ,18.732172,""59,505"""
"1/1/1999,01-1999,506.75,21.8,29,25.4,259,16.2,29.8,23,116,51.054,-2.67,2.30815,2.39557,2038.2,29949.77,47360.54,61,62.1,96.1,286.8,563,26.25,12.78,211,276,  72.223 ,  34.700 ,20,""39,662"""
"2/1/1999,02-1999,458,21.7,28.9,25.3,207,15.1,28.5,21.8,91.3,58.674,3.44,2.36759,2.41822,2038.2,31005.49,48746.04,58.4,62.8,100.02,279.8,547.5,27.88,12.28,204,248.5,  72.223 ,  34.700 ,20,""39,662"""
"3/1/1999,03-1999,483.75,21.2,28.9,25.05,179,13.3,26.5,19.9,128.6,4.572,4.11,2.71036,2.71133,2038.2,31005.49,48746.04,57,62.8,101,286.3,567,23.26,16.73,201.75,280.25,  72.223 ,  34.700 ,20,""39,662"""
"4/1/1999,04-1999,486.5,20.1,28.4,24.25,91,10,22.3,16.15,91.2,151.384,13.39,2.67779,2.70078,2038.2,31005.49,48746.04,55.8,61.1,101,286.3,618,25.07,18.66,213,268,  72.223 ,  34.700 ,20,""23,094"""
"5/3/1999,05-1999,461.75,17.2,25.9,21.55,81,7.1,18.2,12.65,55.3,76.454,18.17,2.70424,2.74287,2038.2,31005.49,48746.04,55.4,61.7,102.45,270,599,25.39,16.84,211.5,252.5,  72.223 ,  34.700 ,20,""23,094"""
"6/1/1999,06-1999,460.75,16.4,25.7,21.05,49,4,14.9,9.45,25.1,193.802,23.06,3.11656,2.34676,2038.2,31005.49,48746.04,54.6,62.1,102.91,261.25,626.5,21.09,19.35,209.5,264.75,  72.223 ,  34.700 ,20,""23,094"""
"7/1/1999,07-1999,433.25,16,26.1,21.05,30,3,14.2,8.6,23.8,73.66,26.67,3.00556,2.80086,2038.2,31005.49,48746.04,52.6,62.3,99.68,255.7,605.7,24.64,20.83,184,261.25,  72.223 ,  34.700 ,20,""9,484"""
"8/2/1999,08-1999,483,17.6,28.8,23.2,34,4.3,17,10.65,32,86.106,23.11,3.10154,2.81296,2038.2,31005.49,48746.04,54.4,64,100.03,255.5,586,24.45,22.11,201.25,282.75,  72.223 ,  34.700 ,20,""9,484"""
"9/1/1999,09-1999,491.25,19.6,30.4,25,92,6.5,19.3,12.9,57.3,45.212,20.22,3.16947,2.68821,2038.2,31005.49,48746.04,54.6,62.6,98.5,301.5,562,25.41,24.55,204.5,275.75,  72.223 ,  34.700 ,20,""9,484"""
"10/1/1999,10-1999,482.75,21.2,30.2,25.7,151,9.9,22.1,16,109,53.086,13.39,3.14292,2.87628,2038.2,31005.49,48746.04,53.2,60,99.07,298.2,595,22.2,21.78,197.5,256,  72.223 ,  34.700 ,20,""59,402"""
"11/1/1999,11-1999,476.25,21.2,29.2,25.2,173,12.7,25.8,19.25,102.1,13.716,10.28,3.14725,2.98593,2038.2,31005.49,48746.04,53.2,60.9,101.87,287.5,593,24.18,24.59,187,249.25,  72.223 ,  34.700 ,20,""59,402"""
"12/1/1999,12-1999,469.75,21.8,29.2,25.5,227,14.9,28.8,21.85,109,55.118,1.39,3.1922,3.16402,2038.2,31005.49,48746.04,51.9,58.9,101.87,283.1,616,23.4,25.75,187.25,248.5,  72.223 ,  34.700 ,20,""59,402"""
"1/3/2000,01-2000,508,21.8,29,25.4,259,16.2,29.8,23,116,30.734,-1.61,3.41105,3.08029,2193.89,31005.49,48746.04,52.6,59.9,105.07,283.1,592.5,24.95,27.62,200.5,256.25,  75.055 ,  39.500 ,20.13151,""37,993"""
"2/1/2000,02-2000,511,21.7,28.9,25.3,207,15.1,28.5,21.8,91.3,46.736,4.44,3.51334,3.15707,2193.89,31564.71,48726.58,52.3,60.2,105.96,278.4,553,23.37,30.45,211.75,259,  75.055 ,  39.500 ,20.13151,""37,993"""
"3/1/2000,03-2000,545.5,21.2,28.9,25.05,179,13.3,26.5,19.9,128.6,32.258,9.28,3.44035,3.23886,2193.89,31564.71,48726.58,52.8,61.9,105.46,273.1,615.3,23.67,26.9,222,262.25,  75.055 ,  39.500 ,20.13151,""37,993"""
"4/3/2000,04-2000,539.25,20.1,28.4,24.25,91,10,22.3,16.15,91.2,27.432,12.17,3.20297,3.16067,2193.89,31564.71,48726.58,53.4,61.3,110.13,273.1,612,26.2,25.8,222.5,254.75,  75.055 ,  39.500 ,20.13151,""21,076"""
"5/1/2000,05-2000,517.5,17.2,25.9,21.55,81,7.1,18.2,12.65,55.3,72.136,20.11,3.36053,3.31263,2193.89,31564.71,48726.58,53.6,62.4,106.8,271.6,607,23.65,29.1,222.5,275,  75.055 ,  39.500 ,20.13151,""21,076"""
"6/1/2000,06-2000,476.75,16.4,25.7,21.05,49,4,14.9,9.45,25.1,119.126,22.67,3.12789,3.7602,2193.89,31564.71,48726.58,53.8,61.7,106.8,288.6,586.5,19.54,32.43,192.5,271.25,  75.055 ,  39.500 ,20.13151,""21,076"""
"7/3/2000,07-2000,454,16,26.1,21.05,30,3,14.2,8.6,23.8,101.092,24.17,3.06235,3.08628,2193.89,31564.71,48726.58,54,61.5,109.58,277,597.5,20.74,27.45,177,246,  75.055 ,  39.500 ,20.13151,""7,897"""
"8/1/2000,08-2000,493,17.6,28.8,23.2,34,4.3,17,10.65,32,103.378,24.94,3.04561,3.12349,2193.89,31564.71,48726.58,53.2,59.2,112.59,277.5,629.5,16.84,33.1,174,264.5,  75.055 ,  39.500 ,20.13151,""7,897"""
"9/1/2000,09-2000,499,19.6,30.4,25,92,6.5,19.3,12.9,57.3,94.996,20.61,2.886,3.17412,2193.89,31564.71,48726.58,52.6,58.4,113.25,274,631,20.57,30.86,183.5,258,  75.055 ,  39.500 ,20.13151,""7,897"""
"10/2/2000,10-2000,466.5,21.2,30.2,25.7,151,9.9,22.1,16,109,50.546,15.5,2.87663,3.10621,2193.89,31564.71,48726.58,53.4,58.6,116.62,264.25,641,23.63,32.69,190,253.5,  75.055 ,  39.500 ,20.13151,""60,963"""
"11/1/2000,11-2000,502,21.2,29.2,25.2,173,12.7,25.8,19.25,102.1,82.296,4.61,2.83314,3.09898,2193.89,31564.71,48726.58,53.8,59.3,115.22,272.1,606,29.65,33.8,206.5,270,  75.055 ,  39.500 ,20.13151,""60,963"""
"12/1/2000,12-2000,508.5,21.8,29.2,25.5,227,14.9,28.8,21.85,109,73.66,-6.89,2.63921,3.1673,2193.89,31564.71,48726.58,54.4,59.3,109.32,265.45,639,26.85,26.8,211.5,272.75,  75.055 ,  39.500 ,20.13151,""60,963"""
"1/1/2001,01-2001,459.75,21.8,29,25.4,259,16.2,29.8,23,116,46.228,-3.11,2.25143,2.65365,2359.57,31564.71,48726.58,53.8,57.3,111.93,266.9,664,22.02,28.7,208.25,271,  78.672 ,  43.500 ,27.266252,""38,208"""
"2/1/2001,02-2001,453.75,21.7,28.9,25.3,207,15.1,28.5,21.8,91.3,73.66,12.53,2.26701,2.63214,2359.57,31706.3,49095.33,54.2,60.9,111.93,257.7,618.3,28.35,27.42,208.5,269.25,  78.672 ,  43.500 ,27.266252,""38,208"""
"3/1/2001,03-2001,436,21.2,28.9,25.05,179,13.3,26.5,19.9,128.6,27.432,3.89,2.26729,2.14224,2359.57,31706.3,49095.33,55.1,63.6,117.48,263.8,598,28.64,26.4,204.75,255,  78.672 ,  43.500 ,27.266252,""38,208"""
"4/2/2001,04-2001,427.5,20.1,28.4,24.25,91,10,22.3,16.15,91.2,104.394,15,2.22098,2.55921,2359.57,31706.3,49095.33,54.6,64.1,115.88,263.8,638,25.48,28.46,194.5,278.25,  78.672 ,  43.500 ,27.266252,""19,274"""
"5/1/2001,05-2001,438,17.2,25.9,21.55,81,7.1,18.2,12.65,55.3,85.344,18.61,2.43342,2.72388,2359.57,31706.3,49095.33,55.4,64.5,119.09,265.6,636,22.64,28.37,188.5,264.75,  78.672 ,  43.500 ,27.266252,""19,274"""
"6/1/2001,06-2001,439.25,16.4,25.7,21.05,49,4,14.9,9.45,25.1,161.036,22.17,2.52646,2.75118,2359.57,31706.3,49095.33,54.8,62.5,119.45,270.6,620.5,19.06,26.25,192,255.75,  78.672 ,  43.500 ,27.266252,""19,274"""
"7/2/2001,07-2001,494.5,16,26.1,21.05,30,3,14.2,8.6,23.8,57.15,25.78,2.52837,2.68785,2359.57,31706.3,49095.33,56.5,62.9,117.11,266.6,605.9,21.62,26.35,196.25,275,  78.672 ,  43.500 ,27.266252,""6,743"""
"8/1/2001,08-2001,482,17.6,28.8,23.2,34,4.3,17,10.65,32,148.336,24.72,2.33436,2.58595,2359.57,31706.3,49095.33,56.6,63,113.26,274.2,568.9,24.92,27.2,210.5,287,  78.672 ,  43.500 ,27.266252,""6,743"""
"9/3/2001,09-2001,460.25,19.6,30.4,25,92,6.5,19.3,12.9,57.3,77.724,19.22,2.17777,3.11523,2359.57,31706.3,49095.33,55.4,62.9,113.53,292.95,514.5,31.93,23.43,210.5,275,  78.672 ,  43.500 ,27.266252,""6,743"""
"10/1/2001,10-2001,439.75,21.2,30.2,25.7,151,9.9,22.1,16,109,167.386,12.67,1.98693,2.29128,2359.57,31706.3,49095.33,54.2,61.3,115.56,279.4,513,33.56,21.18,198.5,295.25,  78.672 ,  43.500 ,27.266252,""61,932"""
"11/1/2001,11-2001,439.5,21.2,29.2,25.2,173,12.7,25.8,19.25,102.1,59.436,10.56,1.81477,2.08135,2359.57,31706.3,49095.33,54.7,59.5,115.56,278.7,544.6,24.92,19.44,198.75,285,  78.672 ,  43.500 ,27.266252,""61,932"""
"12/3/2001,12-2001,425,21.8,29.2,25.5,227,14.9,28.8,21.85,109,59.944,2.67,2.04058,2.73138,2359.57,31706.3,49095.33,54.3,58.2,116.67,278.7,552.1,23.8,19.84,199.75,291,  78.672 ,  43.500 ,27.266252,""61,932"""
"1/1/2002,01-2002,429.5,21.8,29,25.4,259,16.2,29.8,23,116,72.136,1.94,2.5235,2.29025,2557.89,31706.3,49095.33,53.5,58.4,120.28,296.3,536,21.09,19.48,205.25,286.5,  75.010 ,  52.000 ,29.962194,""36,360"""
"2/1/2002,02-2002,447.5,21.7,28.9,25.3,207,15.1,28.5,21.8,91.3,57.658,2.28,2.40007,2.14579,2557.89,31749.89,50036.23,51.7,56.6,119.17,302.25,530.4,21.59,21.85,199,280.25,  75.010 ,  52.000 ,29.962194,""36,360"""
"3/1/2002,03-2002,473.5,21.2,28.9,25.05,179,13.3,26.5,19.9,128.6,74.93,3.89,2.42129,2.01388,2557.89,31749.89,50036.23,52,59.1,118.64,307.75,557.2,17.4,26.23,203.75,294.5,  75.010 ,  52.000 ,29.962194,""36,360"""
"4/1/2002,04-2002,466.75,20.1,28.4,24.25,91,10,22.3,16.15,91.2,170.18,12.89,2.70113,2.58783,2557.89,31749.89,50036.23,51,56.3,115.23,307.75,528.3,21.91,27.29,192.5,268.75,  75.010 ,  52.000 ,29.962194,""18,641"""
"5/1/2002,05-2002,508.75,17.2,25.9,21.55,81,7.1,18.2,12.65,55.3,273.812,16.06,2.35055,2.61865,2557.89,31749.89,50036.23,50.5,55.2,111.87,326.2,529.5,19.98,25.35,198.75,282.25,  75.010 ,  52.000 ,29.962194,""18,641"""
"6/3/2002,06-2002,506.75,16.4,25.7,21.05,49,4,14.9,9.45,25.1,87.63,24.61,2.31986,2.34193,2557.89,31749.89,50036.23,51.3,55.4,106.15,314.2,495.1,25.4,26.86,204,313,  75.010 ,  52.000 ,29.962194,""18,641"""
"7/1/2002,07-2002,536.5,16,26.1,21.05,30,3,14.2,8.6,23.8,58.166,27.22,2.14193,2.3481,2557.89,31749.89,50036.23,52,55.1,106.9,303.3,448.3,32.03,27.02,222.5,334,  75.010 ,  52.000 ,29.962194,""5,662"""
"8/1/2002,08-2002,544.75,17.6,28.8,23.2,34,4.3,17,10.65,32,60.96,25,1.74226,2.13145,2557.89,31749.89,50036.23,53.4,55,106.9,312.5,443,32.64,28.98,244,370,  75.010 ,  52.000 ,29.962194,""5,662"""
"9/2/2002,09-2002,545.75,19.6,30.4,25,92,6.5,19.3,12.9,57.3,49.784,22.22,1.44611,2.04113,2557.89,31749.89,50036.23,54.9,54.4,106.92,323.5,390.5,39.69,30.47,251.5,396.5,  75.010 ,  52.000 ,29.962194,""5,662"""
"10/1/2002,10-2002,566.5,21.2,30.2,25.7,151,9.9,22.1,16,109,82.55,11.94,1.2687,2.00534,2557.89,31749.89,50036.23,55.2,52.6,106.52,317.5,423.3,31.14,27.22,245,402.25,  75.010 ,  52.000 ,29.962194,""57,571"""
"11/1/2002,11-2002,578.75,21.2,29.2,25.2,173,12.7,25.8,19.25,102.1,21.844,4.44,1.39559,2.03059,2557.89,31749.89,50036.23,56.3,52.8,106.37,347.8,452.1,27.5,26.89,235,379.75,  75.010 ,  52.000 ,29.962194,""57,571"""
"12/2/2002,12-2002,565,21.8,29.2,25.5,227,14.9,28.8,21.85,109,56.642,0.5,1.69225,1.95116,2557.89,31749.89,50036.23,55.6,51.1,101.81,347.8,426,28.62,31.2,235.25,325,  75.010 ,  52.000 ,29.962194,""57,571"""
"1/1/2003,01-2003,564,21.8,29,25.4,259,16.2,29.8,23,116,17.018,-4.44,1.4882,2.07901,2797.17,31749.89,50036.23,56,53.1,99.91,349.7,414,31.17,33.51,229.75,320.5,  66.783 ,  51.000 ,34.785121,""32,714"""
"2/3/2003,02-2003,575,21.7,28.9,25.3,207,15.1,28.5,21.8,91.3,31.75,-2.17,1.46638,2.10654,2797.17,32300.08,51485.21,56.5,54.1,99.71,349.7,402.5,29.63,36.6,230.25,310.25,  66.783 ,  51.000 ,34.785121,""32,714"""
"3/3/2003,03-2003,574.5,21.2,28.9,25.05,179,13.3,26.5,19.9,128.6,59.69,6.5,1.22359,1.90334,2797.17,32300.08,51485.21,55.5,54.5,99.06,337.1,401.1,29.15,31.04,227.75,286.75,  66.783 ,  51.000 ,34.785121,""32,714"""
"4/1/2003,04-2003,627.25,20.1,28.4,24.25,91,10,22.3,16.15,91.2,59.944,12.17,1.30962,1.98951,2797.17,32300.08,51485.21,55.6,55.7,97.19,338.3,440.4,21.21,25.8,231.25,282.75,  66.783 ,  51.000 ,34.785121,""16,394"""
"5/1/2003,05-2003,624.5,17.2,25.9,21.55,81,7.1,18.2,12.65,55.3,73.66,17.11,1.37072,1.83853,2797.17,32300.08,51485.21,56.3,56.3,93.27,364.2,472,19.47,29.56,230.5,324.25,  66.783 ,  51.000 ,34.785121,""16,394"""
"6/2/2003,06-2003,552.5,16.4,25.7,21.05,49,4,14.9,9.45,25.1,77.724,20.89,0.90512,2.28473,2797.17,32300.08,51485.21,56,56.2,94.73,345.3,474.4,19.52,30.19,223.75,310.5,  66.783 ,  51.000 ,34.785121,""16,394"""
"7/1/2003,07-2003,509,16,26.1,21.05,30,3,14.2,8.6,23.8,118.364,24.89,1.12869,1.62634,2797.17,32300.08,51485.21,56.7,60.5,96.89,354.1,484.3,19.49,30.54,205,348.5,  66.783 ,  51.000 ,34.785121,""4,853"""
"8/1/2003,08-2003,589,17.6,28.8,23.2,34,4.3,17,10.65,32,104.902,25.06,1.7517,1.85261,2797.17,32300.08,51485.21,57.6,60.7,98.1,375.2,493.3,18.63,31.57,206,381,  66.783 ,  51.000 ,34.785121,""4,853"""
"9/1/2003,09-2003,677.25,19.6,30.4,25,92,6.5,19.3,12.9,57.3,89.916,18.78,1.89724,1.98049,2797.17,32300.08,51485.21,58.7,63,92.73,385,482.7,22.71999,29.2,220.25,360.25,  66.783 ,  51.000 ,34.785121,""4,853"""
"10/1/2003,10-2003,797.75,21.2,30.2,25.7,151,9.9,22.1,16,109,44.45,13.72,1.38082,1.78855,2797.17,32300.08,51485.21,60.3,62.7,92.73,384,514.5,16.09999,29.11,213.25,369.5,  66.783 ,  51.000 ,34.785121,""45,958"""
"11/3/2003,11-2003,756.25,21.2,29.2,25.2,173,12.7,25.8,19.25,102.1,95.504,8.56,1.7139,1.93081,2797.17,32300.08,51485.21,61.8,62.2,90.23,397.9,520.3,16.31999,30.41,229,394.25,  66.783 ,  51.000 ,34.785121,""45,958"""
"12/1/2003,12-2003,794,21.8,29.2,25.5,227,14.9,28.8,21.85,109,63.246,1.72,1.71357,2.22346,2797.17,32300.08,51485.21,62.4,61.2,87.2,402.4,550.6,18.31,32.52,229,377,  66.783 ,  51.000 ,34.785121,""45,958"""
"1/1/2004,01-2004,819.5,21.8,29,25.4,259,16.2,29.8,23,116,65.532,-3,1.70195,1.90697,3061.83,32300.08,51485.21,64.3,65.9,87.2,395.9,559.1,16.62999,33.05,245.75,389,  85.016 ,  53.000 ,31.560148,""24,653"""
"2/2/2004,02-2004,937.5,21.7,28.9,25.3,207,15.1,28.5,21.8,91.3,12.192,-0.11,1.57158,1.98719,3061.83,32674.03,52789.73,65,63.8,87.31,395.9,571.5,14.55,36.16,269.75,390.75,  85.016 ,  53.000 ,31.560148,""24,653"""
"3/1/2004,03-2004,995,21.2,28.9,25.05,179,13.3,26.5,19.9,128.6,117.348,7.06,1.47016,1.70428,3061.83,32674.03,52789.73,66.7,66.3,90.48,386.8,565.4,16.73999,35.76,292,408,  85.016 ,  53.000 ,31.560148,""24,653"""
"4/1/2004,04-2004,1013,20.1,28.4,24.25,91,10,22.3,16.15,91.2,48.514,12.83,1.35815,1.85277,3061.83,32674.03,52789.73,67.3,66.3,90.48,386.8,550.5,17.18999,37.38,301,390,  85.016 ,  53.000 ,31.560148,""11,175"""
"5/3/2004,05-2004,814,17.2,25.9,21.55,81,7.1,18.2,12.65,55.3,128.016,19.22,1.88325,2.2141,3061.83,32674.03,52789.73,66.4,65.8,88.95,395.3,556.5,15.5,39.88,288.25,362,  85.016 ,  53.000 ,31.560148,""11,175"""
"6/1/2004,06-2004,669,16.4,25.7,21.05,49,4,14.9,9.45,25.1,101.6,21.78,1.94658,2.57408,3061.83,32674.03,52789.73,66.1,68.8,88.8,393.5,568.2,14.34,37.05,262.5,345.5,  85.016 ,  53.000 ,31.560148,""11,175"""
"7/1/2004,07-2004,569,16,26.1,21.05,30,3,14.2,8.6,23.8,90.932,23.78,1.9338,2.25585,3061.83,32674.03,52789.73,65.6,70.7,89.96,390.5,556.6,15.32,43.8,217.25,312.25,  85.016 ,  53.000 ,31.560148,""3,059"""
"8/2/2004,08-2004,627.25,17.6,28.8,23.2,34,4.3,17,10.65,32,192.786,21.44,1.8558,2.34085,3061.83,32674.03,52789.73,64.5,68.9,88.94,409.5,562.3,15.29,42.12,215.5,322.75,  85.016 ,  53.000 ,31.560148,""3,059"""
"9/1/2004,09-2004,527,19.6,30.4,25,92,6.5,19.3,12.9,57.3,3.556,21.28,1.48469,2.67677,3061.83,32674.03,52789.73,65.2,69.6,87.36,418.7,570.8,13.34,49.64,205,306.75,  85.016 ,  53.000 ,31.560148,""3,059"""
"10/1/2004,10-2004,533.5,21.2,30.2,25.7,151,9.9,22.1,16,109,133.35,14.33,1.68711,2.14583,3061.83,32674.03,52789.73,64.7,67.7,84.91,428.1,577.8,16.26999,51.76,201,316.5,  85.016 ,  53.000 ,31.560148,""62,722"""
"11/1/2004,11-2004,534.75,21.2,29.2,25.2,173,12.7,25.8,19.25,102.1,133.858,8.06,1.60769,2.20682,3061.83,32674.03,52789.73,65.4,68.3,80.85,438,606,13.24,49.13,193.25,301.25,  85.016 ,  53.000 ,31.560148,""62,722"""
"12/1/2004,12-2004,547.25,21.8,29.2,25.5,227,14.9,28.8,21.85,109,45.72,1.11,1.90954,1.75253,3061.83,32674.03,52789.73,65.6,68.6,80.85,422.1,625.7,13.29,43.45,201,307.5,  85.016 ,  53.000 ,31.560148,""62,722"""
"1/3/2005,01-2005,514.75,21.8,29,25.4,259,16.2,29.8,23,116,186.69,-1.22,1.77928,2.1406,3390.71,32674.03,52789.73,65.4,68.6,83.6,422.1,609.6,12.82,48.2,195,291,  83.507 ,  57.000 ,38.287103,""37,595"""
"2/1/2005,02-2005,622,21.7,28.9,25.3,207,15.1,28.5,21.8,91.3,42.164,2.39,1.81316,2.13701,3390.71,33572.65,53738.09,65.9,70,82.51,428.2,619.4,12.08,51.75,194,345.25,  83.507 ,  57.000 ,38.287103,""37,595"""
"3/1/2005,03-2005,627.5,21.2,28.9,25.05,179,13.3,26.5,19.9,128.6,40.894,4.67,1.97934,2.33424,3390.71,33572.65,53738.09,67.1,70.6,84.06,435,608.3,14.02,55.4,209.25,331,  83.507 ,  57.000 ,38.287103,""37,595"""
"4/1/2005,04-2005,626.25,20.1,28.4,24.25,91,10,22.3,16.15,91.2,56.388,13.61,2.02053,2.46229,3390.71,33572.65,53738.09,65.6,69.3,84.43,435,594.4,15.31,49.72,204,326,  83.507 ,  57.000 ,38.287103,""19,031"""
"5/2/2005,05-2005,680.25,17.2,25.9,21.55,81,7.1,18.2,12.65,55.3,36.83,16.94,1.78987,2.57807,3390.71,33572.65,53738.09,66.3,71.8,87.76,416.8,611.7,13.29,51.97,203.5,331.75,  83.507 ,  57.000 ,38.287103,""19,031"""
"6/1/2005,06-2005,666.25,16.4,25.7,21.05,49,4,14.9,9.45,25.1,103.886,24.39,1.66689,2.3619,3390.71,33572.65,53738.09,67.2,73,89.11,434.5,621.2,12.04,56.5,210,331.5,  83.507 ,  57.000 ,38.287103,""19,031"""
"7/1/2005,07-2005,686.75,16,26.1,21.05,30,3,14.2,8.6,23.8,81.788,25.56,1.82002,2.3318,3390.71,33572.65,53738.09,67.4,71.9,89.35,429.2,639.2,11.57,60.57,222,327.75,  83.507 ,  57.000 ,38.287103,""6,960"""
"8/1/2005,08-2005,598.75,17.6,28.8,23.2,34,4.3,17,10.65,32,57.912,25.06,2.00822,2.46382,3390.71,33572.65,53738.09,67.5,72.3,89.52,434.85,632.2,12.6,68.94,203.25,317.5,  83.507 ,  57.000 ,38.287103,""6,960"""
"9/1/2005,09-2005,573.25,19.6,30.4,25,92,6.5,19.3,12.9,57.3,152.146,22.94,1.73569,2.35381,3390.71,33572.65,53738.09,68.4,73.2,89.52,468.7,639.6,11.92,66.24,203,346.25,  83.507 ,  57.000 ,38.287103,""6,960"""
"10/3/2005,10-2005,576,21.2,30.2,25.7,151,9.9,22.1,16,109,84.074,14.22,1.96704,2.84746,3390.71,33572.65,53738.09,69.4,73.3,90.07,465.6,626.4,15.32,59.76,196.25,317,  83.507 ,  57.000 ,38.287103,""68,078"""
"11/1/2005,11-2005,558,21.2,29.2,25.2,173,12.7,25.8,19.25,102.1,93.472,7.17,2.07569,3.05102,3390.71,33572.65,53738.09,68.8,73.5,91.57,514.77,647.6,12.06,57.32,186.25,320.75,  83.507 ,  57.000 ,38.287103,""68,078"""
"12/1/2005,12-2005,613.5,21.8,29.2,25.5,227,14.9,28.8,21.85,109,31.242,-2.89,2.01835,3.22717,3390.71,33572.65,53738.09,69.5,73.6,91.17,568.5,650.4,12.07,61.04,200.5,339.25,  83.507 ,  57.000 ,38.287103,""68,078"""
"1/2/2006,01-2006,594.25,21.8,29,25.4,259,16.2,29.8,23,116,52.07,4.11,2.06484,2.40278,3800.76,33572.65,53738.09,69.4,70,88.96,568.5,667.4,12.95,67.92,204.75,343.25,  87.001 ,  59.000 ,40.489266,""45,428"""
"2/1/2006,02-2006,594,21.7,28.9,25.3,207,15.1,28.5,21.8,91.3,18.034,0.56,2.20441,2.50828,3800.76,34401.46,54299.62,70.4,67.7,90.11,583.2,672.2,12.34,61.41,215.5,381,  87.001 ,  59.000 ,40.489266,""45,428"""
"3/1/2006,03-2006,571.5,21.2,28.9,25.05,179,13.3,26.5,19.9,128.6,73.66,6.39,2.38362,1.76861,3800.76,34401.46,54299.62,69.4,66.8,89.73,654.15,685.5,11.39,66.63,217.75,347.75,  87.001 ,  59.000 ,40.489266,""45,428"""
"4/3/2006,04-2006,601,20.1,28.4,24.25,91,10,22.3,16.15,91.2,144.272,14.67,2.35839,2.68304,3800.76,34401.46,54299.62,69.7,66.2,86.11,654.15,702,11.59,71.88,229.75,358.5,  87.001 ,  59.000 ,40.489266,""26,962"""
"5/1/2006,05-2006,579.5,17.2,25.9,21.55,81,7.1,18.2,12.65,55.3,98.298,17.67,2.40637,2.88302,3800.76,34401.46,54299.62,71,68,85.22,642.7,681.7,16.43999,71.29,237,393.5,  87.001 ,  59.000 ,40.489266,""26,962"""
"6/1/2006,06-2006,622.5,16.4,25.7,21.05,49,4,14.9,9.45,25.1,39.878,22.89,2.45081,2.74476,3800.76,34401.46,54299.62,71.1,70.4,85.22,614.05,686.3,13.08,73.98,221.5,396,  87.001 ,  59.000 ,40.489266,""26,962"""
"7/3/2006,07-2006,599.75,16,26.1,21.05,30,3,14.2,8.6,23.8,120.142,26.06,2.49635,2.80052,3800.76,34401.46,54299.62,72.9,71.8,85.3,635.92,690.3,14.95,74.4,235.25,397.5,  87.001 ,  59.000 ,40.489266,""12,229"""
"8/1/2006,08-2006,555.75,17.6,28.8,23.2,34,4.3,17,10.65,32,102.362,24.61,2.29829,2.86706,3800.76,34401.46,54299.62,72.9,74.2,85.05,625,697.2,12.31,70.26,216.75,422.25,  87.001 ,  59.000 ,40.489266,""12,229"""
"9/1/2006,09-2006,547.5,19.6,30.4,25,92,6.5,19.3,12.9,57.3,54.102,18.5,2.20606,2.6513,3800.76,34401.46,54299.62,73,74.8,85.97,597.8,718.2,11.98,62.91,236,443,  87.001 ,  59.000 ,40.489266,""12,229"""
"10/2/2006,10-2006,644.25,21.2,30.2,25.7,151,9.9,22.1,16,109,100.076,11.94,2.21206,2.4007,3800.76,34401.46,54299.62,74.9,73.6,85.32,605.75,739,11.1,58.73,261.5,483,  87.001 ,  59.000 ,40.489266,""73,519"""
"11/1/2006,11-2006,685.5,21.2,29.2,25.2,173,12.7,25.8,19.25,102.1,84.328,8.11,2.19989,1.88939,3800.76,34401.46,54299.62,77.5,72.1,82.92,635.95,748.7,10.91,63.13,320.5,521.5,  87.001 ,  59.000 ,40.489266,""73,519"""
"12/1/2006,12-2006,697.25,21.8,29.2,25.5,227,14.9,28.8,21.85,109,95.25,3.17,2.12214,1.98915,3800.76,34401.46,54299.62,78.6,70.6,83.65,652.4,769,11.56,61.05,362,501,  87.001 ,  59.000 ,40.489266,""73,519"""
"1/1/2007,01-2007,719.5,21.8,29,25.4,259,16.2,29.8,23,116,73.66,0.22,2.14808,2.68381,4319.02,34401.46,54299.62,78.1,69.6,83.56,669.45,778.8,10.42,58.14,352.5,467.5,  72.859 ,  61.000 ,47.431082,""48,631"""
"2/1/2007,02-2007,787.5,21.7,28.9,25.3,207,15.1,28.5,21.8,91.3,57.404,-5.22,2.28715,2.63964,4319.02,34376.42,53854.16,79.6,70.9,83.56,663.1,762.3,15.42,61.79,391.5,488,  72.859 ,  61.000 ,47.431082,""48,631"""
"3/1/2007,03-2007,761.25,21.2,28.9,25.05,179,13.3,26.5,19.9,128.6,35.56,10.94,2.02499,2.79766,4319.02,34376.42,53854.16,80.8,72.9,82.92,678,774.8,14.64,65.87,374.5,438,  72.859 ,  61.000 ,47.431082,""48,631"""
"4/2/2007,04-2007,743,20.1,28.4,24.25,91,10,22.3,16.15,91.2,91.186,11.72,2.07749,2.71845,4319.02,34376.42,53854.16,83.6,74.8,81.446,678,804,14.22,65.71,343,495.5,  72.859 ,  61.000 ,47.431082,""29,724"""
"5/1/2007,05-2007,806.25,17.2,25.9,21.55,81,7.1,18.2,12.65,55.3,50.8,21.39,2.03184,2.92431,4319.02,34376.42,53854.16,86.2,76.6,82.285,660.75,830.7,13.05,64.01,352,517,  72.859 ,  61.000 ,47.431082,""29,724"""
"6/1/2007,06-2007,881.75,16.4,25.7,21.05,49,4,14.9,9.45,25.1,127.762,24.22,2.24631,3.21462,4319.02,34376.42,53854.16,91.1,78,81.947,648.9,817,16.23,70.68,333.5,597,  72.859 ,  61.000 ,47.431082,""29,724"""
"7/2/2007,07-2007,857.5,16,26.1,21.05,30,3,14.2,8.6,23.8,49.784,24.17,2.37357,2.61441,4319.02,34376.42,53854.16,95.3,79.2,80.814,663,781.2,23.51999,78.21,308.5,630,  72.859 ,  61.000 ,47.431082,""15,617"""
"8/1/2007,08-2007,882.5,17.6,28.8,23.2,34,4.3,17,10.65,32,73.66,12.53,2.13388,2.65344,4319.02,34376.42,53854.16,98.9,79.4,80.829,672.6,788,23.37999,74.04,309.5,775.5,  72.859 ,  61.000 ,47.431082,""15,617"""
"9/3/2007,09-2007,991.25,19.6,30.4,25,92,6.5,19.3,12.9,57.3,20.828,23.06,1.94622,2.57405,4319.02,34376.42,53854.16,105,80.5,77.744,743.7,814.8,18,81.66,335.5,939,  72.859 ,  61.000 ,47.431082,""15,617"""
"10/1/2007,10-2007,1025.75,21.2,30.2,25.7,151,9.9,22.1,16,109,95.758,17,1.98911,2.29205,4319.02,34376.42,53854.16,107.6,79.2,76.155,795.25,819.1,18.53,94.53,335,808,  72.859 ,  61.000 ,47.431082,""64,238"""
"11/1/2007,11-2007,1080,21.2,29.2,25.2,173,12.7,25.8,19.25,102.1,73.66,7,1.82625,2.632,4319.02,34376.42,53854.16,110.5,80.2,76.155,833.2,764.2,22.87,95.98,366.5,885.5,  72.859 ,  61.000 ,47.431082,""64,238"""
"12/3/2007,12-2007,1214.25,21.8,29.2,25.5,227,14.9,28.8,21.85,109,70.612,0.17,1.38697,2.54378,4319.02,34376.42,53854.16,114.4,81,76.674,833.2,764.2,22.5,95.98,399.75,885,  72.859 ,  61.000 ,47.431082,""64,238"""
"1/1/2008,01-2008,1274.5,21.8,29,25.4,259,16.2,29.8,23,116,57.404,-1.67,1.39949,2.46662,4711.64,34376.42,53854.16,120,81.6,75.226,973.75,732.7,26.2,91.75,456,929.5,  80.749 ,  ,46.150651,""39,027"""
"2/1/2008,02-2008,1536.5,21.7,28.9,25.3,207,15.1,28.5,21.8,91.3,141.478,-1.89,1.11112,2.29779,4711.64,32715.79,51996.18,128,79.5,73.749,915.3,692.7,26.53999,101.84,491,1086,  80.749 ,  ,46.150651,""39,027"""
"3/3/2008,03-2008,1197.25,21.2,28.9,25.05,179,13.3,26.5,19.9,128.6,102.108,5.39,1.02522,1.93368,4711.64,32715.79,51996.18,132.1,84.7,71.741,915.3,687.3,25.60999,101.58,503.25,929,  80.749 ,  ,46.150651,""39,027"""
"4/1/2008,04-2008,1314,20.1,28.4,24.25,91,10,22.3,16.15,91.2,58.928,12,1.06289,2.0175,4711.64,32715.79,51996.18,130.4,86.2,72.566,873.5,711.8,20.78999,113.46,561.25,801,  80.749 ,  ,46.150651,""18,402"""
"5/1/2008,05-2008,1363.5,17.2,25.9,21.55,81,7.1,18.2,12.65,55.3,73.66,12.53,1.40052,2.28684,4711.64,32715.79,51996.18,130,91,72.871,885.9,711,17.82999,127.35,572.75,761.5,  80.749 ,  ,46.150651,""18,402"""
"6/2/2008,06-2008,1574,16.4,25.7,21.05,49,4,14.9,9.45,25.1,203.962,24.28,1.48755,2.72851,4711.64,32715.79,51996.18,132.5,93,72.541,924.1,628.9,23.95,140,595.75,858.75,  80.749 ,  ,46.150651,""18,402"""
"7/1/2008,07-2008,1404,16,26.1,21.05,30,3,14.2,8.6,23.8,73.66,24.33,1.44558,2.94902,4711.64,32715.79,51996.18,130.1,100.1,73.213,912.85,635.6,22.93999,124.08,543.75,783.75,  80.749 ,  ,46.150651,""5,580"""
"8/1/2008,08-2008,1324,17.6,28.8,23.2,34,4.3,17,10.65,32,73.66,23.22,1.3565,3.05254,4711.64,32715.79,51996.18,121.1,101.8,77.381,829.8,642.7,20.64999,115.46,485.25,801.25,  80.749 ,  ,46.150651,""5,580"""
"9/1/2008,09-2008,1045,19.6,30.4,25,92,6.5,19.3,12.9,57.3,275.844,20.33,1.23957,2.73093,4711.64,32715.79,51996.18,112.8,100.9,85.633,869.95,590.4,39.39,100.64,485.5,680,  80.749 ,  ,46.150651,""5,580"""
"10/1/2008,10-2008,933,21.2,30.2,25.7,151,9.9,22.1,16,109,74.676,13.94,1.48506,1.60724,4711.64,32715.79,51996.18,97.6,95,85.633,723.05,489.4,59.89,67.81,364,536.25,  80.749 ,  ,46.150651,""61,927"""
"11/3/2008,11-2008,883,21.2,29.2,25.2,173,12.7,25.8,19.25,102.1,28.194,6.06,1.63163,0.78457,4711.64,32715.79,51996.18,89.5,87.4,86.517,817.95,444,55.28,54.43,336.5,561.25,  80.749 ,  ,46.150651,""61,927"""
"12/1/2008,12-2008,980,21.8,29.2,25.5,227,14.9,28.8,21.85,109,134.62,-1.61,0.97538,0.283,4711.64,32715.79,51996.18,86,80.8,85.999,926.35,444.3,40,44.6,305.5,610.75,  80.749 ,  ,46.150651,""61,927"""
"1/1/2009,01-2009,980,21.8,29,25.4,259,16.2,29.8,23,116,15.748,-5,0.93854,0.47358,5128.9,32715.79,51996.18,86.4,77.3,85.999,944,389.5,44.84,41.68,358.75,568,  91.470 ,  69.000 ,30.945404,""35,429"""
"2/2/2009,02-2009,872,21.7,28.9,25.3,207,15.1,28.5,21.8,91.3,65.786,1.78,1.03931,0.38165,5128.9,33350.26,52963.46,84.2,75,88.166,944,338.3,46.34999,44.76,342,521.5,  91.470 ,  69.000 ,30.945404,""35,429"""
"3/2/2009,03-2009,952,21.2,28.9,25.05,179,13.3,26.5,19.9,128.6,82.804,8.33,1.25074,-0.48068,5128.9,33350.26,52963.46,84,75.4,85.537,917.15,369.2,44.14,49.66,344.5,532.75,  91.470 ,  69.000 ,30.945404,""35,429"""
"4/1/2009,04-2009,1055,20.1,28.4,24.25,91,10,22.3,16.15,91.2,175.006,12.5,0.71282,1.22894,5128.9,33350.26,52963.46,87.2,77.9,84.796,885.5,409.6,36.5,51.12,360.5,536.5,  91.470 ,  69.000 ,30.945404,""16,225"""
"5/1/2009,05-2009,1184,17.2,25.9,21.55,81,7.1,18.2,12.65,55.3,154.686,18.39,1.01741,1.29725,5128.9,33350.26,52963.46,93.3,80.9,79.348,979,435.5,28.92,66.31,396.5,637.25,  91.470 ,  69.000 ,30.945404,""16,225"""
"6/1/2009,06-2009,981,16.4,25.7,21.05,49,4,14.9,9.45,25.1,140.208,24.39,1.32211,1.27451,5128.9,33350.26,52963.46,93.3,83.1,78.347,925.85,430.6,26.34999,69.89,354.5,540.75,  91.470 ,  69.000 ,30.945404,""16,225"""
"7/1/2009,07-2009,982,16,26.1,21.05,30,3,14.2,8.6,23.8,90.932,22.28,1.2669,1.55223,5128.9,33350.26,52963.46,90.7,85.2,78.347,953.75,466.6,25.92,69.45,304,528.25,  91.470 ,  69.000 ,30.945404,""3,761"""
"8/3/2009,08-2009,979.5,17.6,28.8,23.2,34,4.3,17,10.65,32,67.31,22.61,1.15904,2.02453,5128.9,33350.26,52963.46,93.5,85.3,78.148,949.65,492,26.00999,69.96,304.25,498.75,  91.470 ,  69.000 ,30.945404,""3,761"""
"9/1/2009,09-2009,927,19.6,30.4,25,92,6.5,19.3,12.9,57.3,60.706,19.72,0.94924,2.36081,5128.9,33350.26,52963.46,93,84.3,76.703,1006.7,504.7,25.60999,70.61,302,457.5,  91.470 ,  69.000 ,30.945404,""3,761"""
"10/1/2009,10-2009,976.5,21.2,30.2,25.7,151,9.9,22.1,16,109,256.286,10.56,0.99714,1.62836,5128.9,33350.26,52963.46,94.8,82.5,76.3,1044.4,486.2,30.68999,77,327.5,494.25,  91.470 ,  69.000 ,30.945404,""63,645"""
"11/2/2009,11-2009,1060.5,21.2,29.2,25.2,173,12.7,25.8,19.25,102.1,132.588,9.72,1.06141,1.80703,5128.9,33350.26,52963.46,98.8,83.7,74.803,1179.4,514,24.50999,77.28,359.25,588.75,  91.470 ,  69.000 ,30.945404,""63,645"""
"12/1/2009,12-2009,1048.5,21.8,29.2,25.5,227,14.9,28.8,21.85,109,111.252,-0.33,0.84804,1.7866,5128.9,33350.26,52963.46,100.7,83.9,77.86,1080.98,522.6,21.67999,79.36,379,541.5,  91.470 ,  69.000 ,30.945404,""63,645"""
"1/3/2010,01-2010,914,21.8,29,25.4,259,16.2,29.8,23,116,34.29,-5.61,1.29792,1.69576,5647.06,33350.26,52963.46,101.5,85,79.477,1106.2,511.9,24.62,72.89,355.25,474,  90.663 ,  75.300 ,53.247361,""34,566"""
"2/1/2010,02-2010,961,21.7,28.9,25.3,207,15.1,28.5,21.8,91.3,31.75,-2.78,1.12452,1.73162,5647.06,33995.71,53394.86,99,85.7,81.095,1113.43,525.9,19.5,79.66,347.5,519.25,  90.663 ,  75.300 ,53.247361,""34,566"""
"3/1/2010,03-2010,941,21.2,28.9,25.05,179,13.3,26.5,19.9,128.6,70.866,6.33,0.99873,1.97014,5647.06,33995.71,53394.86,96.3,86.9,81.866,1179.05,556.7,17.59,83.76,344.25,450.5,  90.663 ,  75.300 ,53.247361,""34,566"""
"4/1/2010,04-2010,999,20.1,28.4,24.25,91,10,22.3,16.15,91.2,73.66,14.78,1.30911,1.5872,5647.06,33995.71,53394.86,96.8,89.5,81.866,1179.05,567,22.04999,86.15,343.5,503,  90.663 ,  75.300 ,53.247361,""15,543"""
"5/3/2010,05-2010,937.75,17.2,25.9,21.55,81,7.1,18.2,12.65,55.3,126.746,17.89,1.22639,1.56296,5647.06,33995.71,53394.86,96.3,89.8,86.53,1214.2,521.9,32.06999,73.97,353.5,457.75,  90.663 ,  75.300 ,53.247361,""15,543"""
"6/1/2010,06-2010,902.5,16.4,25.7,21.05,49,4,14.9,9.45,25.1,265.684,23.94,1.01936,1.35322,5647.06,33995.71,53394.86,95.8,90.8,86.036,1242,523.7,34.53999,78.95,332,480.25,  90.663 ,  75.300 ,53.247361,""15,543"""
"7/1/2010,07-2010,1005,16,26.1,21.05,30,3,14.2,8.6,23.8,136.652,25.56,0.84676,0.9628,5647.06,33995.71,53394.86,100,91.8,81.539,1181.05,523.7,23.5,78.95,359.75,661.5,  90.663 ,  75.300 ,53.247361,""4,106"""
"8/2/2010,08-2010,1010,17.6,28.8,23.2,34,4.3,17,10.65,32,73.66,25.28,0.65616,1.34112,5647.06,33995.71,53394.86,107.7,92.6,83.099,1247.82,499,26.05,71.92,385.25,685.75,  90.663 ,  75.300 ,53.247361,""4,106"""
"9/1/2010,09-2010,1106.75,19.6,30.4,25,92,6.5,19.3,12.9,57.3,73.66,19.5,0.57707,0.90714,5647.06,33995.71,53394.86,114.1,92.5,78.807,1307.65,534.7,23.7,79.97,437.75,674,  90.663 ,  75.300 ,53.247361,""4,106"""
"10/1/2010,10-2010,1236,21.2,30.2,25.7,151,9.9,22.1,16,109,12.954,13.89,0.40881,1.36526,5647.06,33995.71,53394.86,120.1,94,77.266,1359.2,548.4,21.2,81.43,454.25,717.25,  90.663 ,  75.300 ,53.247361,""61,999"""
"11/1/2010,11-2010,1243,21.2,29.2,25.2,173,12.7,25.8,19.25,102.1,96.774,6.28,0.33889,1.39624,5647.06,33995.71,53394.86,124.1,96.1,79.028,1420.74,587.7,23.53999,91.38,506.25,690.5,  90.663 ,  75.300 ,53.247361,""61,999"""
"12/1/2010,12-2010,1403,21.8,29.2,25.5,227,14.9,28.8,21.85,109,21.59,-4.17,0.62621,1.49387,5647.06,33995.71,53394.86,129.3,97.4,79.028,1332.3,587.7,17.75,91.38,542.5,794.25,  90.663 ,  75.300 ,53.247361,""61,999"""
"1/3/2011,01-2011,1413,21.8,29,25.4,259,16.2,29.8,23,116,73.66,-5.22,0.86398,1.79005,6152.69,33995.71,53394.86,133.7,97.6,77.744,1332.3,606.6,19.53,92.19,595,840.75,  84.291 ,  66.500 ,48.8461,""33,987"""
"2/1/2011,02-2011,1364.75,21.7,28.9,25.3,207,15.1,28.5,21.8,91.3,90.932,-1.28,0.82969,1.95474,6152.69,33635.25,54213.46,137.6,100.3,76.856,1430.39,628.5,18.35001,96.97,655.75,817,  84.291 ,  66.500 ,48.8461,""33,987"""
"3/1/2011,03-2011,1410.25,21.2,28.9,25.05,179,13.3,26.5,19.9,128.6,46.99,5.67,0.87385,2.10638,6152.69,33635.25,54213.46,134.3,103.5,76.004,1563,624.3,17.74001,106.72,608,763.25,  84.291 ,  66.500 ,48.8461,""33,987"""
"4/1/2011,04-2011,1394,20.1,28.4,24.25,91,10,22.3,16.15,91.2,180.34,12.56,0.9775,2.07574,6152.69,33635.25,54213.46,136.4,107.7,72.933,1563,640,14.75,113.93,715.5,801.25,  84.291 ,  66.500 ,48.8461,""16,854"""
"5/2/2011,05-2011,1376,17.2,25.9,21.55,81,7.1,18.2,12.65,55.3,201.676,17,0.71147,2.2923,6152.69,33635.25,54213.46,135.2,108.1,74.508,1534.65,628.1,15.45,102.7,659,782.25,  84.291 ,  66.500 ,48.8461,""16,854"""
"6/1/2011,06-2011,1294,16.4,25.7,21.05,49,4,14.9,9.45,25.1,173.736,22.56,0.49227,2.1177,6152.69,33635.25,54213.46,135,106.9,74.379,1500,611.5,16.52,95.42,639,614.25,  84.291 ,  66.500 ,48.8461,""16,854"""
"7/1/2011,07-2011,1357.25,16,26.1,21.05,30,3,14.2,8.6,23.8,21.336,26.72,0.57395,2.43235,6152.69,33635.25,54213.46,133.2,106.5,73.897,1626.4,589.5,25.25,95.7,603,672.5,  84.291 ,  66.500 ,48.8461,""5,852"""
"8/1/2011,08-2011,1457.5,17.6,28.8,23.2,34,4.3,17,10.65,32,3.81,24.78,0.39497,1.51131,6152.69,33635.25,54213.46,133,105.6,78.553,1823.3,552.8,31.62,88.81,658.5,791.5,  84.291 ,  66.500 ,48.8461,""5,852"""
"9/1/2011,09-2011,1179,19.6,30.4,25,92,6.5,19.3,12.9,57.3,85.852,17.78,0.21494,1.00888,6152.69,33635.25,54213.46,130.4,106.9,78.553,1623.7,508.1,42.96001,79.2,592.5,609.25,  84.291 ,  66.500 ,48.8461,""5,852"""
"10/3/2011,10-2011,1217.25,21.2,30.2,25.7,151,9.9,22.1,16,109,50.038,13.22,0.09856,1.46561,6152.69,33635.25,54213.46,125.7,106.2,76.49,1714.2,565.7,29.96001,93.19,572.25,628.25,  84.291 ,  66.500 ,48.8461,""64,498"""
"11/1/2011,11-2011,1131.25,21.2,29.2,25.2,173,12.7,25.8,19.25,102.1,107.95,8.17,0.13707,1.50525,6152.69,33635.25,54213.46,126.1,108.3,78.388,1564.6,570.6,27.8,98.83,582,614,  84.291 ,  66.500 ,48.8461,""64,498"""
"12/1/2011,12-2011,1207.75,21.8,29.2,25.5,227,14.9,28.8,21.85,109,73.66,2.39,0.14447,1.71166,6152.69,33635.25,54213.46,122.1,106.5,80.178,1737.1,570.6,23.39999,98.83,576.25,652.75,  84.291 ,  66.500 ,48.8461,""64,498"""
"1/3/2012,01-2012,1199,21.8,29,25.4,259,16.2,29.8,23,116,73.66,0.06,0.1461,1.47144,6591.65,33635.25,54213.46,122.4,103.1,79.283,1737.1,598.3,19.44,98.48,592.5,666,  82.791 ,  82.000 ,40.097644,""37,407"""
"2/1/2012,02-2012,1320,21.7,28.9,25.3,207,15.1,28.5,21.8,91.3,33.02,2.06,0.02185,1.50142,6591.65,33447.37,54830.78,125.4,105.6,78.818,1668.13,623.1,18.42999,107.07,621.75,668,  82.791 ,  82.000 ,40.097644,""37,407"""
"3/1/2012,03-2012,1403,21.2,28.9,25.05,179,13.3,26.5,19.9,128.6,18.288,13.11,0.16924,1.36205,6591.65,33447.37,54830.78,125.8,106.5,79.004,1664.71,641,15.5,103.02,603,660.75,  82.791 ,  82.000 ,40.097644,""37,407"""
"4/2/2012,04-2012,1505.5,20.1,28.4,24.25,91,10,22.3,16.15,91.2,74.168,12.72,0.19465,1.68694,6591.65,33447.37,54830.78,124.4,105.7,78.765,1664.71,632.1,17.14999,104.87,599.5,654.5,  82.791 ,  82.000 ,40.097644,""18,165"""
"5/1/2012,05-2012,1340,17.2,25.9,21.55,81,7.1,18.2,12.65,55.3,48.26,20.11,-0.08722,1.59031,6591.65,33447.37,54830.78,119,103.7,83.059,1560,589.6,24.06,86.53,553.5,643.75,  82.791 ,  82.000 ,40.097644,""18,165"""
"6/1/2012,06-2012,1427.75,16.4,25.7,21.05,49,4,14.9,9.45,25.1,73.66,23.11,-0.04815,0.78931,6591.65,33447.37,54830.78,115.9,101.4,81.627,1597.43,613.6,17.08,84.96,551,757.25,  82.791 ,  82.000 ,40.097644,""18,165"""
"7/2/2012,07-2012,1641,16,26.1,21.05,30,3,14.2,8.6,23.8,11.938,27.89,-0.05483,1.29665,6591.65,33447.37,54830.78,122.1,100.4,82.694,1613.75,618.7,18.92999,88.06,640.75,888.25,  82.791 ,  82.000 ,40.097644,""4,609"""
"8/1/2012,08-2012,1756.5,17.6,28.8,23.2,34,4.3,17,10.65,32,70.104,23.72,-0.06008,1.37009,6591.65,33447.37,54830.78,123.4,103.1,81.208,1691.4,632,17.47,96.47,776.75,889.5,  82.791 ,  82.000 ,40.097644,""4,609"""
"9/4/2012,09-2012,1601,19.6,30.4,25,92,6.5,19.3,12.9,57.3,136.398,18.78,-0.16926,1.9315,6591.65,33447.37,54830.78,125.2,107,79.935,1771.7,648,15.73,92.19,705,902.5,  82.791 ,  82.000 ,40.097644,""4,609"""
"10/1/2012,10-2012,1548.75,21.2,30.2,25.7,151,9.9,22.1,16,109,100.838,11.39,-0.09317,1.61311,6591.65,33447.37,54830.78,124,108,80.153,1719.5,643.1,18.60001,86.24,732.25,864.5,  82.791 ,  82.000 ,40.097644,""53,510"""
"11/1/2012,11-2012,1438.75,21.2,29.2,25.2,173,12.7,25.8,19.25,102.1,38.1,5,-0.00574,1.66323,6591.65,33447.37,54830.78,123.6,107.7,80.153,1674.95,654,15.87,91.82,710.5,863.5,  82.791 ,  82.000 ,40.097644,""53,510"""
"12/3/2012,12-2012,1409.5,21.8,29.2,25.5,227,14.9,28.8,21.85,109,46.736,2.67,-0.17238,2.10291,6591.65,33447.37,54830.78,122.9,107.4,79.764,1674.95,654,18.02,91.82,687.5,778,  82.791 ,  82.000 ,40.097644,""53,510"""
"1/2/2013,01-2013,1468.5,21.8,29,25.4,259,16.2,29.8,23,116,73.66,-1.5,0.0844,1.31559,7056.41,33447.37,54830.78,123.4,106.5,79.206,1579.52,696.3,14.28,97.49,678,779.5,  91.363 ,  86.200 ,49.117029,""27,162"""
"2/1/2013,02-2013,1452.25,21.7,28.9,25.3,207,15.1,28.5,21.8,91.3,65.532,-1.28,0.1721,1.36081,7056.41,33800.46,55675.39,123.3,107.6,81.939,1594.3,705.7,15.51,92.05,687.25,714.5,  91.363 ,  86.200 ,49.117029,""27,162"""
"3/1/2013,03-2013,1404.75,21.2,28.9,25.05,179,13.3,26.5,19.9,128.6,41.148,1.83,0.05034,1.00494,7056.41,33800.46,55675.39,122.9,108,82.976,1474.7,728,12.7,97.23,682,687.75,  91.363 ,  86.200 ,49.117029,""27,162"""
"4/1/2013,04-2013,1399,20.1,28.4,24.25,91,10,22.3,16.15,91.2,171.196,10.44,-0.02421,1.45631,7056.41,33800.46,55675.39,122.9,108.7,83.375,1474.7,740.7,13.52,93.46,626.5,731,  91.363 ,  86.200 ,49.117029,""11,830"""
"5/1/2013,05-2013,1510,17.2,25.9,21.55,81,7.1,18.2,12.65,55.3,172.212,17.72,-0.01939,1.17803,7056.41,33800.46,55675.39,122.1,105.5,83.375,1387.81,758.9,16.3,91.97,625,705.5,  91.363 ,  86.200 ,49.117029,""11,830"""
"6/3/2013,06-2013,1252,16.4,25.7,21.05,49,4,14.9,9.45,25.1,132.588,21.94,0.22769,1.35321,7056.41,33800.46,55675.39,120.9,105,83.136,1234.8,747.7,16.86,96.56,540.5,657.75,  91.363 ,  86.200 ,49.117029,""11,830"""
"7/1/2013,07-2013,1206.25,16,26.1,21.05,30,3,14.2,8.6,23.8,90.424,22.67,0.54638,1.00303,7056.41,33800.46,55675.39,117.9,104.5,82.029,1322.4,785.8,13.45,105.03,488.25,664.25,  91.363 ,  86.200 ,49.117029,""3,825"""
"8/1/2013,08-2013,1357.5,17.6,28.8,23.2,34,4.3,17,10.65,32,2.286,23.06,0.47507,1.79743,7056.41,33800.46,55675.39,116.2,105.5,82.029,1395.2,757.3,17.00999,107.65,453.75,654,  91.363 ,  86.200 ,49.117029,""3,825"""
"9/3/2013,09-2013,1282.75,19.6,30.4,25,92,6.5,19.3,12.9,57.3,15.494,20.89,0.54083,2.20242,7056.41,33800.46,55675.39,116.4,106.1,80.224,1327.19,771.6,16.6,102.33,440.75,678.5,  91.363 ,  86.200 ,49.117029,""3,825"""
"10/1/2013,10-2013,1266.25,21.2,30.2,25.7,151,9.9,22.1,16,109,120.904,12.78,0.49297,1.55552,7056.41,33800.46,55675.39,118.8,106.4,80.242,1322.9,805.2,13.75,96.38,427,667.5,  91.363 ,  86.200 ,49.117029,""58,612"""
"11/1/2013,11-2013,1336.5,21.2,29.2,25.2,173,12.7,25.8,19.25,102.1,34.036,3.67,0.48964,1.45058,7056.41,33800.46,55675.39,118.7,105.6,80.645,1205.25,842.3,13.7,98.42,410.75,668.75,  91.363 ,  86.200 ,49.117029,""58,612"""
"12/2/2013,12-2013,1292.5,21.8,29.2,25.5,227,14.9,28.8,21.85,109,50.038,-2.44,0.4183,1.92403,7056.41,33800.46,55675.39,118.2,104.6,80.206,1205.25,842.3,13.72,98.42,418.5,605.25,  91.363 ,  86.200 ,49.117029,""58,612"""
"1/2/2014,01-2014,1282.75,21.8,29,25.4,259,16.2,29.8,23,116,47.244,-6.22,0.68064,1.63825,7532.77,33800.46,55675.39,116.2,103.2,81.252,1324.9,808.2,18.41,97.49,406.25,555.75,  106.905 ,  97.100 ,53.39872,""27,048"""
"2/3/2014,02-2014,1414,21.7,28.9,25.3,207,15.1,28.5,21.8,91.3,96.012,-7.17,0.50868,1.58583,7532.77,34388.81,56762.73,118.5,103.6,79.776,1324.9,839.2,14,102.59,433.25,602.25,  106.905 ,  97.100 ,53.39872,""27,048"""
"3/3/2014,03-2014,1464,21.2,28.9,25.05,179,13.3,26.5,19.9,128.6,39.878,1.67,0.58045,1.21946,7532.77,34388.81,56762.73,122.1,106.2,80.108,1281.85,856.1,13.88,101.58,464,697.25,  106.905 ,  97.100 ,53.39872,""27,048"""
"4/1/2014,04-2014,1512.75,20.1,28.4,24.25,91,10,22.3,16.15,91.2,131.318,11.72,0.70222,1.65301,7532.77,34388.81,56762.73,121.5,109.7,79.511,1291.1,866.3,13.41,99.74,485.5,721.5,  106.905 ,  97.100 ,53.39872,""11,024"""
"5/1/2014,05-2014,1493.25,17.2,25.9,21.55,81,7.1,18.2,12.65,55.3,102.616,17.83,0.62685,1.76839,7532.77,34388.81,56762.73,121.3,112.1,80.391,1250.5,877,11.4,102.71,465,627.25,  106.905 ,  97.100 ,53.39872,""11,024"""
"6/2/2014,06-2014,1157.25,16.4,25.7,21.05,49,4,14.9,9.45,25.1,252.222,22.56,0.62453,1.52655,7532.77,34388.81,56762.73,119.3,116.2,79.78,1326.75,890.1,11.57,105.37,417,577.5,  106.905 ,  97.100 ,53.39872,""11,024"""
"7/1/2014,07-2014,1082,16,26.1,21.05,30,3,14.2,8.6,23.8,65.532,21.17,0.59099,1.85949,7532.77,34388.81,56762.73,116.4,117.8,81.46,1281.7,876.1,16.95,98.17,356.5,530.25,  106.905 ,  97.100 ,53.39872,""2,504"""
"8/1/2014,08-2014,1024.25,17.6,28.8,23.2,34,4.3,17,10.65,32,162.56,22.83,0.64941,1.80655,7532.77,34388.81,56762.73,113,119.2,82.736,1287.01,907.6,11.98,95.96,347.75,563.5,  106.905 ,  97.100 ,53.39872,""2,504"""
"9/2/2014,09-2014,913.25,19.6,30.4,25,92,6.5,19.3,12.9,57.3,108.204,18,0.58086,2.11504,7532.77,34388.81,56762.73,109.3,117.9,86.915,1208.5,886.2,16.31,91.16,319.5,477.75,  106.905 ,  97.100 ,53.39872,""2,504"""
"10/1/2014,10-2014,1049.25,21.2,30.2,25.7,151,9.9,22.1,16,109,148.59,11.94,0.70096,1.60224,7532.77,34388.81,56762.73,109.4,117.2,86.915,1172.59,901.1,14.03,80.54,318.25,532.5,  106.905 ,  97.100 ,53.39872,""68,794"""
"11/3/2014,11-2014,1016,21.2,29.2,25.2,173,12.7,25.8,19.25,102.1,49.53,1.5,0.7133,1.32116,7532.77,34388.81,56762.73,108.2,115.1,88.219,1167.23,919.3,13.33,66.15,359,578.5,  106.905 ,  97.100 ,53.39872,""68,794"""
"12/1/2014,12-2014,1023.5,21.8,29.2,25.5,227,14.9,28.8,21.85,109,43.434,0.39,0.38473,2.1861,7532.77,34388.81,56762.73,105.1,108.8,94.846,1283.09,923,19.2,53.27,377.25,589.75,  106.905 ,  97.100 ,53.39872,""68,794"""
"1/2/2015,01-2015,961,21.8,29,25.4,259,16.2,29.8,23,116,28.448,-3.44,0.70994,0.91604,8016.43,34388.81,56762.73,100.7,103.8,94.846,1212.96,880.6,20.97,48.24,365.75,502.75,  106.869 ,  95.700 ,61.398276,""36,104"""
"2/2/2015,02-2015,1031.75,21.7,28.9,25.3,207,15.1,28.5,21.8,91.3,32.258,-6.44,0.53838,0.38334,8016.43,34927.49,57292.54,98.5,100.5,95.253,1212.96,926.5,13.34,49.76,367.5,513,  106.869 ,  95.700 ,61.398276,""36,104"""
"3/2/2015,03-2015,973.25,21.2,28.9,25.05,179,13.3,26.5,19.9,128.6,36.576,3.61,0.75171,0.79844,8016.43,34927.49,57292.54,95.6,96.8,98.379,1183.3,911,15.29,47.6,367,511.75,  106.869 ,  95.700 ,61.398276,""36,104"""
"4/1/2015,04-2015,976,20.1,28.4,24.25,91,10,22.3,16.15,91.2,51.308,12.67,0.41032,1.58999,8016.43,34927.49,57292.54,94.7,97.7,94.811,1183.97,925.3,14.55,59.63,359,474,  106.869 ,  95.700 ,61.398276,""17,066"""
"5/1/2015,05-2015,934,17.2,25.9,21.55,81,7.1,18.2,12.65,55.3,160.528,18.5,0.53392,1.70283,8016.43,34927.49,57292.54,95,99.5,96.887,1190,929.8,13.84,60.3,348.25,477,  106.869 ,  95.700 ,61.398276,""17,066"""
"6/1/2015,06-2015,1037.25,16.4,25.7,21.05,49,4,14.9,9.45,25.1,146.05,22.28,0.55378,1.77505,8016.43,34927.49,57292.54,94.5,98.6,97.192,1172.75,909.7,18.23,59.47,346.75,615.75,  106.869 ,  95.700 ,61.398276,""17,066"""
"7/1/2015,07-2015,940.25,16,26.1,21.05,30,3,14.2,8.6,23.8,115.062,23.22,0.66707,1.80113,8016.43,34927.49,57292.54,93.8,99.1,97.192,1095.01,911.9,12.12,47.12,365.75,499.25,  106.869 ,  95.700 ,61.398276,""5,188"""
"8/3/2015,08-2015,887.5,17.6,28.8,23.2,34,4.3,17,10.65,32,59.69,22.56,0.54831,1.7248,8016.43,34927.49,57292.54,89.6,99.2,95.926,1134.35,854.7,28.43,49.2,346.5,485,  106.869 ,  95.700 ,61.398276,""5,188"""
"9/1/2015,09-2015,892,19.6,30.4,25,92,6.5,19.3,12.9,57.3,39.878,21.67,0.51246,1.92836,8016.43,34927.49,57292.54,89,97.1,96.282,1114.55,828.5,24.5,45.09,360.5,512.75,  106.869 ,  95.700 ,61.398276,""5,188"""
"10/1/2015,10-2015,885.75,21.2,30.2,25.7,151,9.9,22.1,16,109,39.116,13.72,0.52877,1.31198,8016.43,34927.49,57292.54,90.4,92.4,96.915,1141.59,888.3,15.07,46.59,372,522,  106.869 ,  95.700 ,61.398276,""73,865"""
"11/2/2015,11-2015,881,21.2,29.2,25.2,173,12.7,25.8,19.25,102.1,112.268,8.5,0.66621,1.30667,8016.43,34927.49,57292.54,87.7,89.1,100.2,1064.6,891.7,16.13,41.65,356,475.5,  106.869 ,  95.700 ,61.398276,""73,865"""
"12/1/2015,12-2015,864.25,21.8,29.2,25.5,227,14.9,28.8,21.85,109,212.09,4.89,0.64742,1.46796,8016.43,34927.49,57292.54,87.1,87,98.693,1118.12,872.9,18.21,37.04,357,470,  106.869 ,  95.700 ,61.398276,""73,865"""
"1/4/2016,01-2016,882.25,21.8,29,25.4,259,16.2,29.8,23,116,22.352,-2.5,0.73451,1.47499,8516.51,34927.49,57292.54,84.9,84.2,99.531,1238.36,828.4,20.2,33.62,348.5,479.25,  116.932 ,  114.900 ,59.095246,""41,664"""
"2/1/2016,02-2016,861,21.7,28.9,25.3,207,15.1,28.5,21.8,91.3,24.892,0.78,0.53874,1.11589,8516.51,35764.45,58207.58,86,85.9,94.628,1232.15,831.1,20.55,33.75,352.5,453.25,  116.932 ,  114.900 ,59.095246,""41,664"""
"3/1/2016,03-2016,910.75,21.2,28.9,25.05,179,13.3,26.5,19.9,128.6,83.566,8.72,0.55141,0.78225,8516.51,35764.45,58207.58,87.4,86.1,94.628,1292.77,886.2,13.95,38.34,347.5,473.5,  116.932 ,  114.900 ,59.095246,""41,664"""
"4/1/2016,04-2016,1029.75,20.1,28.4,24.25,91,10,22.3,16.15,91.2,97.028,11.83,0.34527,1.68966,8516.51,35764.45,58207.58,89.2,87.9,93.082,1292.77,903.5,15.7,45.92,347.25,488.5,  116.932 ,  114.900 ,59.095246,""23,726"""
"5/2/2016,05-2016,1078.5,17.2,25.9,21.55,81,7.1,18.2,12.65,55.3,80.01,16.61,0.41365,1.66012,8516.51,35764.45,58207.58,90.6,90.2,95.798,1214.95,908.9,14.19,49.1,368,464.5,  116.932 ,  114.900 ,59.095246,""23,726"""
"6/1/2016,06-2016,1153.25,16.4,25.7,21.05,49,4,14.9,9.45,25.1,59.69,23.89,0.5191,1.28116,8516.51,35764.45,58207.58,93.8,94.3,95.963,1321.49,914.9,15.63,48.33,360.25,445.5,  116.932 ,  114.900 ,59.095246,""23,726"""
"7/1/2016,07-2016,1003,16,26.1,21.05,30,3,14.2,8.6,23.8,129.032,24.06,0.16535,1.64813,8516.51,35764.45,58207.58,93,95.3,95.517,1350.57,938.5,11.87,41.6,326.75,407.75,  116.932 ,  114.900 ,59.095246,""5,354"""
"8/1/2016,08-2016,943,17.6,28.8,23.2,34,4.3,17,10.65,32,125.73,24.39,0.22684,1.59009,8516.51,35764.45,58207.58,95.3,96.4,95.422,1308.76,941.4,13.42,44.7,310.75,388.25,  116.932 ,  114.900 ,59.095246,""5,354"""
"9/1/2016,09-2016,954,19.6,30.4,25,92,6.5,19.3,12.9,57.3,69.088,21.83,0.21607,2.06444,8516.51,35764.45,58207.58,96.1,94.9,95.422,1315.55,935.7,13.29,48.24,315,402,  116.932 ,  114.900 ,59.095246,""5,354"""
"10/3/2016,10-2016,1011.75,21.2,30.2,25.7,151,9.9,22.1,16,109,72.39,16.11,0.2898,1.744,8516.51,35764.45,58207.58,95.9,93,98.356,1276.75,920.1,17.06,46.86,335.25,416.25,  116.932 ,  114.900 ,59.095246,""78,899"""
"11/1/2016,11-2016,1032.25,21.2,29.2,25.2,173,12.7,25.8,19.25,102.1,94.996,8.67,0.34661,1.9022,8516.51,35764.45,58207.58,95.8,93.4,101.53,1150.62,998.5,13.33,53.72,335.5,402.75,  116.932 ,  114.900 ,59.095246,""78,899"""
"12/1/2016,12-2016,1004,21.8,29.2,25.5,227,14.9,28.8,21.85,109,26.924,-1.5,0.70046,2.29173,8516.51,35764.45,58207.58,95.1,90.7,102.21,1210.47,998.5,14.04,53.72,341.75,408,  116.932 ,  114.900 ,59.095246,""78,899"""
"1/3/2017,01-2017,1024.5,21.8,29,25.4,259,16.2,29.8,23,116,54.61,0.11,0.72565,2.10273,9053.21,35764.45,58207.58,97.7,91.9,99.55,1210.47,1003.6,11.99,52.81,351.5,420.75,  120.065 ,  123.400 ,54.972546,""47,326"""
"2/1/2017,02-2017,1035.75,21.7,28.9,25.3,207,15.1,28.5,21.8,91.3,10.922,4.89,0.77438,1.94277,9053.21,36315.1,59607.39,98.1,93.9,101.36,1248.78,1040.5,12.92,54.01,358,443.75,  120.065 ,  123.400 ,54.972546,""47,326"""
"3/1/2017,03-2017,946,21.2,28.9,25.05,179,13.3,26.5,19.9,128.6,84.582,6.39,0.9165,1.50315,9053.21,36315.1,59607.39,96.2,95.7,100.56,1267.91,1026.1,12.37,50.6,354.25,426.5,  120.065 ,  123.400 ,54.972546,""47,326"""
"4/3/2017,04-2017,956.25,20.1,28.4,24.25,91,10,22.3,16.15,91.2,133.858,14.11,0.76575,1.71867,9053.21,36315.1,59607.39,95.1,97.6,99.041,1267.91,1023.8,10.82,49.33,354.25,432.25,  120.065 ,  123.400 ,54.972546,""26,286"""
"5/1/2017,05-2017,916,17.2,25.9,21.55,81,7.1,18.2,12.65,55.3,228.346,16.83,0.77641,1.56481,9053.21,36315.1,59607.39,97.4,99.5,95.628,1268.55,1017.6,10.41,48.32,364.25,429.25,  120.065 ,  123.400 ,54.972546,""26,286"""
"6/1/2017,06-2017,954.75,16.4,25.7,21.05,49,4,14.9,9.45,25.1,29.718,23,0.73611,0.95869,9053.21,36315.1,59607.39,98,100.7,95.628,1241.33,1036,11.18,46.04,356.25,526,  120.065 ,  123.400 ,54.972546,""26,286"""
"7/3/2017,07-2017,1007.25,16,26.1,21.05,30,3,14.2,8.6,23.8,125.222,25.11,0.72502,1.71216,9053.21,36315.1,59607.39,100.2,101.2,92.847,1268.95,1046.7,10.26,50.17,366,474.5,  120.065 ,  123.400 ,54.972546,""8,208"""
"8/1/2017,08-2017,945.25,17.6,28.8,23.2,34,4.3,17,10.65,32,80.772,21.89,0.67086,1.65218,9053.21,36315.1,59607.39,99.3,100.3,92.567,1320.65,1030.8,10.59,47.23,332,434.5,  120.065 ,  123.400 ,54.972546,""8,208"""
"9/1/2017,09-2017,968.25,19.6,30.4,25,92,6.5,19.3,12.9,57.3,22.352,20.67,0.56521,2.0578,9053.21,36315.1,59607.39,99.9,99.2,93.071,1279.72,1063.2,9.51,51.67,345.5,448.25,  120.065 ,  123.400 ,54.972546,""8,208"""
"10/2/2017,10-2017,984.75,21.2,30.2,25.7,151,9.9,22.1,16,109,110.49,14.61,0.72914,1.9527,9053.21,36315.1,59607.39,98.9,98.4,94.542,1270.65,1074.2,10.18,54.38,342.5,418.5,  120.065 ,  123.400 ,54.972546,""86,020"""
"11/1/2017,11-2017,985.75,21.2,29.2,25.2,173,12.7,25.8,19.25,102.1,34.544,6,0.75219,2.06918,9053.21,36315.1,59607.39,98.9,98.4,93.068,1302.67,1124.8,11.28,60.42,335.5,433,  120.065 ,  123.400 ,54.972546,""86,020"""
"12/1/2017,12-2017,961.75,21.8,29.2,25.5,227,14.9,28.8,21.85,109,18.034,-1.28,0.57305,2.82407,9053.21,36315.1,59607.39,96.4,96.1,92.297,1344.57,1124.8,11.04,60.42,346.5,427,  120.065 ,  123.400 ,54.972546,""86,020"""
"1/2/2018,01-2018,995.75,21.8,29,25.4,259,16.2,29.8,23,116,24.892,-4.33,0.87379,1.90489,9619.19,36315.1,59607.39,96.8,95.6,90.655,1318.2,1169.3,13.58,64.73,345.5,451.75,  120.515 ,  120.500 ,37.785927,""57,406"""
"2/1/2018,02-2018,1055.5,21.7,28.9,25.3,207,15.1,28.5,21.8,91.3,121.666,0.33,1.08847,2.13804,9619.19,36847.88,60698.01,97.9,97,90.655,1325.03,1101.9,19.85,61.64,356.25,495,  120.515 ,  120.500 ,37.785927,""57,406"""
"3/1/2018,03-2018,1044.75,21.2,28.9,25.05,179,13.3,26.5,19.9,128.6,88.9,3.67,1.02954,1.68874,9619.19,36847.88,60698.01,99,97.2,89.974,1315.5,1077.5,19.97,64.94,369.25,451,  120.515 ,  120.500 ,37.785927,""57,406"""
"4/2/2018,04-2018,1048.5,20.1,28.4,24.25,91,10,22.3,16.15,91.2,70.358,7.94,1.01435,1.84679,9619.19,36847.88,60698.01,98.6,95.9,91.817,1315.5,1080,15.93,68.57,372,510.5,  120.515 ,  120.500 ,37.785927,""33,185"""
"5/1/2018,05-2018,1018.5,17.2,25.9,21.55,81,7.1,18.2,12.65,55.3,57.658,22.39,1.21609,1.96778,9619.19,36847.88,60698.01,98.7,95.3,93.977,1297.9,1082.1,15.43,67.04,390.75,526.25,  120.515 ,  120.500 ,37.785927,""33,185"""
"6/1/2018,06-2018,880,16.4,25.7,21.05,49,4,14.9,9.45,25.1,144.272,24.39,1.24573,1.591,9619.19,36847.88,60698.01,97,95.1,94.47,1252.4,1081.2,16.09,74.15,338.75,501.25,  120.515 ,  120.500 ,37.785927,""33,185"""
"7/2/2018,07-2018,919,16,26.1,21.05,30,3,14.2,8.6,23.8,185.42,23.78,1.15523,2.12309,9619.19,36847.88,60698.01,95.1,94.6,94.551,1223.7,1126.1,12.83,68.76,337.25,553.75,  120.515 ,  120.500 ,37.785927,""11,923"""
"8/1/2018,08-2018,843.5,17.6,28.8,23.2,34,4.3,17,10.65,32,82.296,24,1.25524,2.12846,9619.19,36847.88,60698.01,96,95.8,95.099,1201.47,1141.2,12.86,69.8,340.25,545.5,  120.515 ,  120.500 ,37.785927,""11,923"""
"9/4/2018,09-2018,845.5,19.6,30.4,25,92,6.5,19.3,12.9,57.3,91.948,21.72,1.13215,2.41001,9619.19,36847.88,60698.01,94.2,94.1,95.134,1190.4,1136.6,12.12,73.25,342.5,509,  120.515 ,  120.500 ,37.785927,""11,923"""
"10/1/2018,10-2018,851.75,21.2,30.2,25.7,151,9.9,22.1,16,109,58.674,12.78,1.30013,2.21217,9619.19,36847.88,60698.01,93.3,92.3,97.197,1215,1076.9,21.23,65.31,356.5,500.5,  120.515 ,  120.500 ,37.785927,""101,945"""
"11/1/2018,11-2018,894.75,21.2,29.2,25.2,173,12.7,25.8,19.25,102.1,65.786,1.83,1.30866,2.16702,9619.19,36847.88,60698.01,92.2,92.9,97.197,1282.2,991.5,18.07,45.41,355.25,515.75,  120.515 ,  120.500 ,37.785927,""101,945"""
"12/3/2018,12-2018,895,21.8,29.2,25.5,227,14.9,28.8,21.85,109,120.904,1.61,1.25497,1.98107,9619.19,36847.88,60698.01,92.2,92.9,96.024,1282.2,991.5,25.42,45.41,372.5,503.25,  120.515 ,  120.500 ,37.785927,""101,945"""
"1/2/2019,01-2019,915.25,21.8,29,25.4,259,16.2,29.8,23,116,78.232,-3.94,1.04043,1.80396,10155.49,36847.88,60698.01,93.3,92.3,95.557,1313,1081,16.57,53.79,371,516.5,  96.667 ,  128.500 ,55.263891,""74,219"""
"2/1/2019,02-2019,910.25,21.7,28.9,25.3,207,15.1,28.5,21.8,91.3,42.926,-0.83,1.06818,1.78943,10155.49,34539.49,58453.45,94,93.1,96.221,1291.91,1103.7,14.78,57.22,362.5,459.5,  96.667 ,  128.500 ,55.263891,""74,219"""
"3/1/2019,03-2019,884.25,21.2,28.9,25.05,179,13.3,26.5,19.9,128.6,122.936,2.83,0.51721,1.37532,10155.49,34539.49,58453.45,93.2,94.6,97.211,1283.35,1106.2,13.71,60.14,356,457.75,  96.667 ,  128.500 ,55.263891,""74,219"""
"4/1/2019,04-2019,854,20.1,28.4,24.25,91,10,22.3,16.15,91.2,142.494,11.89,0.4203,2.03738,10155.49,34539.49,58453.45,93.6,97.8,97.609,1283.35,1154.8,13.12,63.91,342.25,428.75,  96.667 ,  128.500 ,55.263891,""48,528"""
"5/1/2019,05-2019,877.75,17.2,25.9,21.55,81,7.1,18.2,12.65,55.3,134.62,17.56,0.54043,2.18514,10155.49,34539.49,58453.45,94.3,100.5,97.609,1305.2,1066.3,18.71,53.5,343,503,  96.667 ,  128.500 ,55.263891,""48,528"""
"6/3/2019,06-2019,923,16.4,25.7,21.05,49,4,14.9,9.45,25.1,129.794,21.94,0.4213,1.60914,10155.49,34539.49,58453.45,95.4,101.2,96.13,1409.1,1143.6,15.08,58.47,407,527.25,  96.667 ,  128.500 ,55.263891,""48,528"""
"7/1/2019,07-2019,881.5,16,26.1,21.05,30,3,14.2,8.6,23.8,28.448,25.44,0.44057,1.74766,10155.49,34539.49,58453.45,95.1,102.4,98.807,1412.3,1167.2,16.12,58.58,400,487.25,  96.667 ,  128.500 ,55.263891,""24,740"""
"8/1/2019,08-2019,869,17.6,28.8,23.2,34,4.3,17,10.65,32,184.404,23.22,0.42005,1.71434,10155.49,34539.49,58453.45,94.1,102.3,98.807,1520.34,1135.2,18.98,55.1,355.25,462.5,  96.667 ,  128.500 ,55.263891,""24,740"""
"9/3/2019,09-2019,906,19.6,30.4,25,92,6.5,19.3,12.9,57.3,128.778,22.67,0.23501,1.64493,10155.49,34539.49,58453.45,93.4,101,99.394,1472.16,1169.7,16.24,54.07,352.25,495.75,  96.667 ,  128.500 ,55.263891,""24,740"""
"10/1/2019,10-2019,932.25,21.2,30.2,25.7,151,9.9,22.1,16,109,126.746,12.17,0.36832,1.7246,10155.49,34539.49,58453.45,95.2,101.6,97.331,1512.564,1201.3,13.22,54.18,378.25,508.75,  96.667 ,  128.500 ,55.263891,""88,518"""
"11/1/2019,11-2019,876.75,21.2,29.2,25.2,173,12.7,25.8,19.25,102.1,54.356,2.67,0.43361,1.6973,10155.49,34539.49,58453.45,98.6,106.5,98.271,1517.177,1283.9,12.62,61.06,362.25,541.75,  96.667 ,  128.500 ,55.263891,""88,518"""
"12/2/2019,12-2019,955.5,21.8,29.2,25.5,227,14.9,28.8,21.85,109,36.576,1.83,0.51426,1.70378,10155.49,34539.49,58453.45,101,106.6,96.529,1517.177,1283.9,13.78,61.06,371,558.75,  96.667 ,  128.500 ,55.263891,""88,518"""
"1/2/2020,01-2020,872.5,21.8,29,25.4,259,16.2,29.8,23,116,127.508,0.17,0.5051,1.79711,10358.26,34539.49,58453.45,102.5,103.6,97.362,1585.634,1245.1,18.84,51.56,375.25,553.75,  114.749 ,  139.500 ,48.796661,""61,368"""
"2/3/2020,02-2020,892.75,21.7,28.9,25.3,207,15.1,28.5,21.8,91.3,69.85,-0.22,0.31599,1.64596,10358.26,36362.37,61855.52,99.4,100.5,98.127,1585.634,1123.7,40.11,44.76,361.75,525,  114.749 ,  139.500 ,48.796661,""61,368"""
"3/2/2020,03-2020,886,21.2,28.9,25.05,179,13.3,26.5,19.9,128.6,106.172,7.39,-0.12784,0.98707,10358.26,36362.37,61855.52,95.2,99.4,98.947,1575.007,944.9,53.54,20.48,332,568.75,  114.749 ,  139.500 ,48.796661,""61,368"""
"4/1/2020,04-2020,855.25,20.1,28.4,24.25,91,10,22.3,16.15,91.2,155.702,10.06,-0.11159,-0.05035,10358.26,36362.37,61855.52,92.5,96.9,99.039,1685.125,1050.1,34.15,18.84,300.25,524.25,  114.749 ,  139.500 ,48.796661,""37,595"""
"5/1/2020,05-2020,840.75,17.2,25.9,21.55,81,7.1,18.2,12.65,55.3,161.036,15.83,-0.02786,-0.21879,10358.26,36362.37,61855.52,91.1,95.4,98.295,1729.326,1082.1,27.51,35.49,312.25,520.75,  114.749 ,  139.500 ,48.796661,""37,595"""
"6/1/2020,06-2020,882.25,16.4,25.7,21.05,49,4,14.9,9.45,25.1,134.112,23.44,-0.1537,0.51276,10358.26,36362.37,61855.52,93.3,94.8,93.455,1781.858,1064.3,30.43,39.27,313.5,491.75,  114.749 ,  139.500 ,48.796661,""37,595"""
"7/1/2020,07-2020,892.5,16,26.1,21.05,30,3,14.2,8.6,23.8,109.982,25.17,-0.34534,1.572,10358.26,36362.37,61855.52,94,92.2,93.455,1974.9,1102.7,24.46,40.27,314.5,531.25,  114.749 ,  139.500 ,48.796661,""14,276"""
"8/3/2020,08-2020,953.5,17.6,28.8,23.2,34,4.3,17,10.65,32,23.876,22.83,-0.40713,1.67677,10358.26,36362.37,61855.52,95.9,92.2,92.157,1967.244,1143.3,26.41,42.61,307.25,552.25,  114.749 ,  139.500 ,48.796661,""14,276"""
"9/1/2020,09-2020,1023.5,19.6,30.4,25,92,6.5,19.3,12.9,57.3,34.798,19.28,-0.34334,1.58276,10358.26,36362.37,61855.52,98,91.5,93.804,1885.328,1108,26.37,40.22,351,578,  114.749 ,  139.500 ,48.796661,""14,276"""
"10/1/2020,10-2020,1056.25,21.2,30.2,25.7,151,9.9,22.1,16,109,56.642,11.39,-0.29174,1.39704,10358.26,36362.37,61855.52,101.4,91.8,94.038,1877.9,1085.1,38.02,35.79,377.25,598.5,  114.749 ,  139.500 ,48.796661,""80,197"""
"11/2/2020,11-2020,1168.5,21.2,29.2,25.2,173,12.7,25.8,19.25,102.1,41.91,8.28,-0.21396,1.42003,10358.26,36362.37,61855.52,105.6,93.3,91.869,1776.7,1224.8,20.57,45.34,393,585,  114.749 ,  139.500 ,48.796661,""80,197"""
"12/1/2020,12-2020,1311,21.8,29.2,25.5,227,14.9,28.8,21.85,109,32.258,0.78,-0.23232,1.64952,10358.26,36362.37,61855.52,108.6,94.8,89.937,1846.715,1259.8,22.75,48.52,414.5,640.5,  114.749 ,  139.500 ,48.796661,""80,197"""
"1/4/2021,01-2021,1370,21.8,29,25.4,259,16,30.3,23.15,116,86.614,-1.78,-0.23502,1.44609,11188.3,36362.37,61855.52,113.5,96,90.584,1732.526,1240.2,33.09,52.2,479.5,663,  121.528 ,  130.500 ,46.217911,""42,502"""
"2/1/2021,02-2021,1404.25,21.7,28.9,25.3,207,14,29.4,21.7,91.3,45.212,-5.78,-0.23082,1.67549,11188.3,36362.37,61855.52,116.6,97.8,93.232,1707.47,1314.6,27.95,61.5,524.75,660.25,  121.528 ,  130.500 ,46.217911,""42,502"""
"3/1/2021,03-2021,1436.75,21.2,28.9,25.05,179,13.4,26.5,19.95,128.6,102.616,8,0.01251,1.51384,11188.3,36362.37,61855.52,119.2,100.8,91.297,1768.76,1387.7,19.4,59.16,529.25,618,  121.528 ,  130.500 ,46.217911,""42,502"""
"4/1/2021,04-2021,1534.25,20.1,28.4,24.25,91,11.9,25.1,18.5,91.2,59.436,11.61,0.11805,1.75472,11188.3,36362.37,61855.52,122.1,104.3,91.297,1768.76,1439.4,18.61,63.58,549.75,734.75,  121.528 ,  130.500 ,46.217911,""20,930"""
"5/3/2021,05-2021,1530.5,17.2,25.9,21.55,81,5.7,18.6,12.15,55.3,142.494,16.5,0.03695,1.86821,11188.3,36362.37,61855.52,128.1,107.4,89.833,1907.06,1475.1,16.77,66.32,602.75,663.5,  121.528 ,  130.500 ,46.217911,""20,930"""
"6/1/2021,06-2021,1399,16.4,25.7,21.05,49,3.7,14.5,9.1,25.1,172.72,23.78,0.03695,1.86821,11188.3,36362.37,61855.52,128.1,107.4,89.833,1907.06,1475.1,16.77,66.32,602.75,663.5,  121.528 ,  130.500 ,46.217911,""20,930"""
"7/1/2021,07-2021,1349.25,16,26.1,21.05,30,2,16.3,9.15,23.8,69.342,23.56,0.03504,2.07312,11188.3,36362.37,61855.52,124.6,114.1,92.09,1814.15,1461.4,18.23,73.95,520.75,703.75,  121.528 ,  130.500 ,46.217911,""6,994"""
"8/2/2021,08-2021,1292.5,17.6,28.8,23.2,34,4.1,19.2,11.65,32,53.848,24.67,-0.26102,2.46241,11188.3,36362.37,61855.52,128,113.4,92.641,1813.296,1487.2,16.49,68.5,525.25,722.25,  121.528 ,  130.500 ,46.217911,""6,994"""
"9/1/2021,09-2021,1256,19.6,30.4,25,92,8.6,19.3,13.95,57.3,74.93,21.28,-0.19473,2.68414,11188.3,36362.37,61855.52,129.2,112.7,94.24,1756.388,1429.5,23.13,75.03,497.5,725.5,  121.528 ,  130.500 ,46.217911,""6,994"""
"10/1/2021,10-2021,1249.5,21.2,30.2,25.7,151,9.4,24.5,16.95,109,199.644,15.56,0.0879,1.85437,11188.3,36362.37,61855.52,133.2,112,94.134,1782.763,1495.9,16.27,83.57,506.75,772.75,  121.528 ,  130.500 ,46.217911,""85,362"""
"11/1/2021,11-2021,1217.25,21.2,29.2,25.2,173,12.5,26.2,19.35,102.1,73.66,4.39,0.164,2.47984,11188.3,36362.37,61855.52,135.3,112.5,95.67,1829.24,1539.1,27.2,75.21,547.75,787.25,  121.528 ,  130.500 ,46.217911,""85,362"""
"12/1/2021,12-2021,1339.25,21.8,29.2,25.5,227,16.6,29.3,22.95,109,58.674,5,0.09169,2.62031,11188.3,36362.37,61855.52,133.7,111,95.67,1796.64,1539.1,17.21,75.21,567.25,770.75,  121.528 ,  130.500 ,46.217911,""85,362"""
"1/3/2022,01-2022,1490.5,21.8,29,25.4,259,17.6,30.8,24.2,315.9,17.018,-5.11,0.3195,2.24176,11188.3,36362.37,61855.52,135.6,112.1,96.648,1796.64,1515.7,24.82,88.15,584.75,761.25,  116.377 ,  156.000 ,43.861066,""52,575"""
"2/1/2022,02-2022,1636.75,21.7,28.9,25.3,207,15.4,27.3,21.35,74.1,87.376,-2.56,0.44159,2.62742,11188.3,36362.37,61855.52,141.2,113.9,96.747,1936.32,1494.9,30.14,95.72,610.25,934,  116.377 ,  156.000 ,43.861066,""52,575"""
"3/1/2022,03-2022,1618.25,21.2,28.9,25.05,179,13.2,25,19.1,112,122.428,6.22,0.34709,3.0577,11188.3,36362.37,61855.52,159.7,119.3,98.348,1895.638,1529.8,20.57,100.28,692.75,1006,  116.377 ,  156.000 ,43.861066,""52,575"""
"4/1/2022,04-2022,1684.75,20.1,28.4,24.25,91,9.6,22.1,15.85,139,81.28,10.06,0.9494,3.3929,11188.3,36362.37,61855.52,158.4,121.9,103.212,1895.638,1454.4,33.39,104.69,730.25,1055.75,  116.377 ,  156.000 ,43.861066,""26,332"""
"5/2/2022,05-2022,1683.25,17.2,25.9,21.55,81,5.9,17.3,11.6,2,103.632,19.06,1.2039,3.63466,11188.3,36362.37,61855.52,158.1,122.9,101.782,1836.652,1479.3,26.18,114.67,747.25,1087.5,  116.377 ,  156.000 ,43.861066,""26,332"""
"6/1/2022,06-2022,1458,16.4,25.7,21.05,49,2.3,14.5,8.4,0,36.83,24,1.02509,4.22671,11188.3,36362.37,61855.52,154.7,125.9,104.738,1807.288,1357.8,28.7,105.76,627.75,884,  116.377 ,  156.000 ,43.861066,""26,332"""
"7/1/2022,07-2022,1468.5,16,26.1,21.05,30,4.2,15.7,9.95,40.3,77.724,24.89,1.06217,3.30928,11188.3,36362.37,61855.52,140.6,124.1,105.828,1765.337,1436.9,21.32,98.62,561.5,807.75,  116.377 ,  156.000 ,43.861066,""7,468"""
"8/1/2022,08-2022,1422.5,17.6,28.8,23.2,34,4.7,18,11.35,9,219.71,23.44,0.85563,3.37713,11188.3,36362.37,61855.52,137.6,121.1,112.173,1710.93,1391.6,25.86,89.55,583,831.5,  116.377 ,  156.000 ,43.861066,""7,468"""
"9/1/2022,09-2022,1364.75,19.6,30.4,25,92,6.2,21.5,13.85,5,115.57,20,1.20425,4.17915,11188.3,36362.37,61855.52,136,120.3,112.173,1660.73,1272.3,31.61,79.49,654,921.5,  116.377 ,  156.000 ,43.861066,""7,468"""
"10/3/2022,10-2022,1419.5,21.2,30.2,25.7,151,8.7,21.3,15,114.2,91.694,12.28,1.79733,2.88196,11188.3,36362.37,61855.52,135.4,116.8,111.578,1632.77,1416.5,25.89,86.53,671.5,882.25,  116.377 ,  156.000 ,43.861066,""82,222"""
"11/1/2022,11-2022,1469.5,21.2,29.2,25.2,173,14.2,28.3,21.25,72.2,45.72,6.11,1.93071,3.23905,11188.3,36362.37,61855.52,134.7,114.6,105.873,1822.79,1443.1,20.57,80.26,651.25,795.5,  116.377 ,  156.000 ,43.861066,""82,222"""
"12/1/2022,12-2022,1524,21.8,29.2,25.5,227,15.4,32,23.7,25,58.42,-0.5,1.57613,2.86812,11188.3,36362.37,61855.52,131.8,112.4,103.494,1928.26,1443.1,21.66,80.26,635,792,  116.377 ,  156.000 ,43.861066,""82,222"""
"1/3/2023,01-2023,1538,21.8,29,25.4,259,17.6,30.8,24.2,,73.66,12.53,1.7831,2.67902,11188.3,36362.37,61855.52,130.2,111.1,102.089,1928.26,1538.4,19.41,78.87,648.25,761.25,,,,""45,870"""
"2/1/2023,02-2023,1479,21.7,28.9,25.3,207,15.4,27.3,21.35,,53.34,2.22,1.4202,2.61309,11188.3,36362.37,61855.52,129.8,113.3,104.954,1968.53,1487.3,20.71,77.05,630,705.5,,,,""45,870"""
"3/1/2023,03-2023,1505.5,21.2,28.9,25.05,179,13.2,25,19.1,,112.268,5.67,2.05964,2.07325,11188.3,36362.37,61855.52,126.5,113,102.594,1989.62,1510.4,18.69,75.67,606.75,692.25,,,,""45,870"""
4/3/2023,04-2023,1419.25,20.1,28.4,24.25,91,9.6,22.1,15.85,,31.242,12.33,1.44391,2.65083,11188.3,36362.37,61855.52,127.7,116.7,101.672,1989.62,1530.9,15.77,76.78,572,633.75,,,,
5/1/2023,05-2023,1299.75,17.2,25.9,21.55,81,5.9,17.3,11.6,,49.022,18.67,1.5369,2.65364,11188.3,36362.37,61855.52,124.3,117.9,102.867,1962.77,1494.5,17.93,68.09,547,594.25,,,,
6/1/2023,06-2023,1310,16.4,25.7,21.05,49,2.3,14.5,8.4,,73.66,12.53,0.86799,1.31494,11188.3,36362.37,61855.52,,,102.867,1920.26,1561.7,13.43,69.16,581.25,746.5,,,,
