price_soybean,real_interest_rate,SP500,usa_prod,price_soybean (t-1),real_interest_rate (t-1),SP500 (t-1),usa_prod (t-1),price_soybean (t-3),real_interest_rate (t-3),SP500 (t-3),usa_prod (t-3),price_soybean (t-6),real_interest_rate (t-6),SP500 (t-6),usa_prod (t-6),year,month_sin,month_cos,date
1274.5,1.39949,2.1658291457286434,1.0,1.5159084151055604,1.39949,2.1658291457286434,1.0,1.5159084151055604,1.39949,2.1658291457286434,1.0,1.5159084151055604,1.39949,2.1658291457286434,1.0,2008,0.49999999999999994,0.8660254037844387,2008-01-01
1536.5,1.11112,2.047590895654744,1.0,1.5159084151055604,1.39949,2.1658291457286434,1.0,1.5159084151055604,1.39949,2.1658291457286434,1.0,1.5159084151055604,1.39949,2.1658291457286434,1.0,2008,0.8660254037844386,0.5000000000000001,2008-02-01
1197.25,1.02522,2.031628731894768,1.0,1.8275349390425215,1.11112,2.047590895654744,1.0,1.5159084151055604,1.39949,2.1658291457286434,1.0,1.5159084151055604,1.39949,2.1658291457286434,1.0,2008,1.0,6.123233995736766e-17,2008-03-03
1314.0,1.06289,2.104049660065031,1.0,1.424026167112697,1.02522,2.031628731894768,1.0,1.5159084151055604,1.39949,2.1658291457286434,1.0,1.5159084151055604,1.39949,2.1658291457286434,1.0,2008,0.8660254037844387,-0.4999999999999998,2008-04-01
1363.5,1.40052,2.101684895063553,1.0,1.5628902765388046,1.06289,2.104049660065031,1.0,1.8275349390425215,1.11112,2.047590895654744,1.0,1.5159084151055604,1.39949,2.1658291457286434,1.0,2008,0.49999999999999994,-0.8660254037844387,2008-05-01
1574.0,1.48755,1.8590008867868755,1.0,1.6217662801070474,1.40052,2.101684895063553,1.0,1.424026167112697,1.02522,2.031628731894768,1.0,1.5159084151055604,1.39949,2.1658291457286434,1.0,2008,1.2246467991473532e-16,-1.0,2008-06-02
1404.0,1.44558,1.8788057936742537,1.0,1.872137972048766,1.48755,1.8590008867868755,1.0,1.5628902765388046,1.06289,2.104049660065031,1.0,1.5159084151055604,1.39949,2.1658291457286434,1.0,2008,-0.4999999999999997,-0.8660254037844388,2008-07-01
1324.0,1.3565,1.8997930830623708,1.0,1.6699375557537912,1.44558,1.8788057936742537,1.0,1.6217662801070474,1.40052,2.101684895063553,1.0,1.8275349390425215,1.11112,2.047590895654744,1.0,2008,-0.8660254037844384,-0.5000000000000004,2008-08-01
1045.0,1.23957,1.7451965710907478,1.0,1.5747844186738031,1.3565,1.8997930830623708,1.0,1.872137972048766,1.48755,1.8590008867868755,1.0,1.424026167112697,1.02522,2.031628731894768,1.0,2008,-1.0,-1.8369701987210297e-16,2008-09-01
933.0,1.48506,1.4466449896541531,1.0,1.2429378531073447,1.23957,1.7451965710907478,1.0,1.6699375557537912,1.44558,1.8788057936742537,1.0,1.5628902765388046,1.06289,2.104049660065031,1.0,2008,-0.8660254037844386,0.5000000000000001,2008-10-01
883.0,1.63163,1.3124445758202778,1.0,1.1097234611953612,1.48506,1.4466449896541531,1.0,1.5747844186738031,1.3565,1.8997930830623708,1.0,1.6217662801070474,1.40052,2.101684895063553,1.0,2008,-0.5000000000000004,0.8660254037844384,2008-11-03
980.0,0.97538,1.313331362695832,1.0,1.0502527505203687,1.63163,1.3124445758202778,1.0,1.2429378531073447,1.23957,1.7451965710907478,1.0,1.872137972048766,1.48755,1.8590008867868755,1.0,2008,-2.4492935982947064e-16,1.0,2008-12-01
980.0,0.93854,1.1513449600945906,1.1327694460612516,1.1656259292298543,0.97538,1.313331362695832,1.0,1.1097234611953612,1.48506,1.4466449896541531,1.0,1.6699375557537912,1.44558,1.8788057936742537,1.0,2009,0.49999999999999994,0.8660254037844387,2009-01-01
872.0,1.03931,1.0,1.1327694460612516,1.1656259292298543,0.93854,1.1513449600945906,1.1327694460612516,1.0502527505203687,1.63163,1.3124445758202778,1.0,1.5747844186738031,1.3565,1.8997930830623708,1.0,2009,0.8660254037844386,0.5000000000000001,2009-02-02
952.0,1.25074,1.0913390481820868,1.1327694460612516,1.0371691941718704,1.03931,1.0,1.1327694460612516,1.1656259292298543,0.97538,1.313331362695832,1.0,1.2429378531073447,1.23957,1.7451965710907478,1.0,2009,1.0,6.123233995736766e-17,2009-03-02
1055.0,0.71282,1.210759680756725,1.1327694460612516,1.1323223312518584,1.25074,1.0913390481820868,1.1327694460612516,1.1656259292298543,0.93854,1.1513449600945906,1.1327694460612516,1.1097234611953612,1.48506,1.4466449896541531,1.0,2009,0.8660254037844387,-0.4999999999999998,2009-04-01
1184.0,1.01741,1.2873189476795743,1.1327694460612516,1.2548319952423432,0.71282,1.210759680756725,1.1327694460612516,1.0371691941718704,1.03931,1.0,1.1327694460612516,1.0502527505203687,1.63163,1.3124445758202778,1.0,2009,0.49999999999999994,-0.8660254037844387,2009-05-01
981.0,1.32211,1.2728347620455218,1.1327694460612516,1.408266428783824,1.01741,1.2873189476795743,1.1327694460612516,1.1323223312518584,1.25074,1.0913390481820868,1.1327694460612516,1.1656259292298543,0.97538,1.313331362695832,1.0,2009,1.2246467991473532e-16,-1.0,2009-06-01
982.0,1.2669,1.3792491871120307,1.1327694460612516,1.1668153434433541,1.32211,1.2728347620455218,1.1327694460612516,1.2548319952423432,0.71282,1.210759680756725,1.1327694460612516,1.1656259292298543,0.93854,1.1513449600945906,1.1327694460612516,2009,-0.4999999999999997,-0.8660254037844388,2009-07-01
979.5,1.15904,1.4543304759089566,1.1327694460612516,1.168004757656854,1.2669,1.3792491871120307,1.1327694460612516,1.408266428783824,1.01741,1.2873189476795743,1.1327694460612516,1.0371691941718704,1.03931,1.0,1.1327694460612516,2009,-0.8660254037844384,-0.5000000000000004,2009-08-03
927.0,0.94924,1.4918711203074193,1.1327694460612516,1.1650312221231043,1.15904,1.4543304759089566,1.1327694460612516,1.1668153434433541,1.32211,1.2728347620455218,1.1327694460612516,1.1323223312518584,1.25074,1.0913390481820868,1.1327694460612516,2009,-1.0,-1.8369701987210297e-16,2009-09-01
976.5,0.99714,1.4371859296482412,1.1327694460612516,1.1025869759143623,0.94924,1.4918711203074193,1.1327694460612516,1.168004757656854,1.2669,1.3792491871120307,1.1327694460612516,1.2548319952423432,0.71282,1.210759680756725,1.1327694460612516,2009,-0.8660254037844386,0.5000000000000001,2009-10-01
1060.5,1.06141,1.5193615134496008,1.1327694460612516,1.1614629794826048,0.99714,1.4371859296482412,1.1327694460612516,1.1650312221231043,1.15904,1.4543304759089566,1.1327694460612516,1.408266428783824,1.01741,1.2873189476795743,1.1327694460612516,2009,-0.5000000000000004,0.8660254037844384,2009-11-02
1048.5,0.84804,1.5447827372154892,1.1327694460612516,1.2613737734165924,1.06141,1.5193615134496008,1.1327694460612516,1.1025869759143623,0.94924,1.4918711203074193,1.1327694460612516,1.1668153434433541,1.32211,1.2728347620455218,1.1327694460612516,2009,-2.4492935982947064e-16,1.0,2009-12-01
914.0,1.29792,1.513154005320721,1.1227755142478544,1.247100802854594,0.84804,1.5447827372154892,1.1327694460612516,1.1614629794826048,0.99714,1.4371859296482412,1.1327694460612516,1.168004757656854,1.2669,1.3792491871120307,1.1327694460612516,2010,0.49999999999999994,0.8660254037844387,2010-01-03
961.0,1.12452,1.5545373928465858,1.1227755142478544,1.087124591138864,1.29792,1.513154005320721,1.1227755142478544,1.2613737734165924,1.06141,1.5193615134496008,1.1327694460612516,1.1650312221231043,1.15904,1.4543304759089566,1.1327694460612516,2010,0.8660254037844386,0.5000000000000001,2010-02-01
941.0,0.99873,1.6455808454034881,1.1227755142478544,1.1430270591733571,1.12452,1.5545373928465858,1.1227755142478544,1.247100802854594,0.84804,1.5447827372154892,1.1327694460612516,1.1025869759143623,0.94924,1.4918711203074193,1.1327694460612516,2010,1.0,6.123233995736766e-17,2010-03-01
999.0,1.30911,1.676027194797517,1.1227755142478544,1.11923877490336,0.99873,1.6455808454034881,1.1227755142478544,1.087124591138864,1.29792,1.513154005320721,1.1227755142478544,1.1614629794826048,0.99714,1.4371859296482412,1.1327694460612516,2010,0.8660254037844387,-0.4999999999999998,2010-04-01
937.75,1.22639,1.5427135678391959,1.1227755142478544,1.1882247992863515,1.30911,1.676027194797517,1.1227755142478544,1.1430270591733571,1.12452,1.5545373928465858,1.1227755142478544,1.2613737734165924,1.06141,1.5193615134496008,1.1327694460612516,2010,0.49999999999999994,-0.8660254037844387,2010-05-03
902.5,1.01936,1.5480342890925216,1.1227755142478544,1.1153731787094856,1.22639,1.5427135678391959,1.1227755142478544,1.11923877490336,0.99873,1.6455808454034881,1.1227755142478544,1.247100802854594,0.84804,1.5447827372154892,1.1327694460612516,2010,1.2246467991473532e-16,-1.0,2010-06-01
1005.0,0.84676,1.5480342890925216,1.1227755142478544,1.073446327683616,1.01936,1.5480342890925216,1.1227755142478544,1.1882247992863515,1.30911,1.676027194797517,1.1227755142478544,1.087124591138864,1.29792,1.513154005320721,1.1227755142478544,2010,-0.4999999999999997,-0.8660254037844388,2010-07-01
1010.0,0.65616,1.4750221696718888,1.1227755142478544,1.1953612845673507,0.84676,1.5480342890925216,1.1227755142478544,1.1153731787094856,1.22639,1.5427135678391959,1.1227755142478544,1.1430270591733571,1.12452,1.5545373928465858,1.1227755142478544,2010,-0.8660254037844384,-0.5000000000000004,2010-08-02
1106.75,0.57707,1.5805498078628437,1.1227755142478544,1.2013083556348498,0.65616,1.4750221696718888,1.1227755142478544,1.073446327683616,1.01936,1.5480342890925216,1.1227755142478544,1.11923877490336,0.99873,1.6455808454034881,1.1227755142478544,2010,-1.0,-1.8369701987210297e-16,2010-09-01
1236.0,0.40881,1.621046408513154,1.1227755142478544,1.3163841807909604,0.57707,1.5805498078628437,1.1227755142478544,1.1953612845673507,0.84676,1.5480342890925216,1.1227755142478544,1.1882247992863515,1.30911,1.676027194797517,1.1227755142478544,2010,-0.8660254037844386,0.5000000000000001,2010-10-01
1243.0,0.33889,1.7372154892107599,1.1227755142478544,1.4701159678858162,0.40881,1.621046408513154,1.1227755142478544,1.2013083556348498,0.65616,1.4750221696718888,1.1227755142478544,1.1153731787094856,1.22639,1.5427135678391959,1.1227755142478544,2010,-0.5000000000000004,0.8660254037844384,2010-11-01
1403.0,0.62621,1.7372154892107599,1.1227755142478544,1.4784418673803152,0.33889,1.7372154892107599,1.1227755142478544,1.3163841807909604,0.57707,1.5805498078628437,1.1227755142478544,1.073446327683616,1.01936,1.5480342890925216,1.1227755142478544,2010,-2.4492935982947064e-16,1.0,2010-12-01
1413.0,0.86398,1.7930830623706768,1.0438643203011801,1.6687481415402914,0.62621,1.7372154892107599,1.1227755142478544,1.4701159678858162,0.40881,1.621046408513154,1.1227755142478544,1.1953612845673507,0.84676,1.5480342890925216,1.1227755142478544,2011,0.49999999999999994,0.8660254037844387,2011-01-03
1364.75,0.82969,1.8578185042861366,1.0438643203011801,1.68064228367529,0.86398,1.7930830623706768,1.0438643203011801,1.4784418673803152,0.33889,1.7372154892107599,1.1227755142478544,1.2013083556348498,0.65616,1.4750221696718888,1.1227755142478544,2011,0.8660254037844386,0.5000000000000001,2011-02-01
1410.25,0.87385,1.845403488028377,1.0438643203011801,1.623253047873922,0.82969,1.8578185042861366,1.0438643203011801,1.6687481415402914,0.62621,1.7372154892107599,1.1227755142478544,1.3163841807909604,0.57707,1.5805498078628437,1.1227755142478544,2011,1.0,6.123233995736766e-17,2011-03-01
1394.0,0.9775,1.8918120011823825,1.0438643203011801,1.6773713945881654,0.87385,1.845403488028377,1.0438643203011801,1.68064228367529,0.86398,1.7930830623706768,1.0438643203011801,1.4701159678858162,0.40881,1.621046408513154,1.1227755142478544,2011,0.8660254037844387,-0.4999999999999998,2011-04-01
1376.0,0.71147,1.8566361217853975,1.0438643203011801,1.6580434136187927,0.9775,1.8918120011823825,1.0438643203011801,1.623253047873922,0.82969,1.8578185042861366,1.0438643203011801,1.4784418673803152,0.33889,1.7372154892107599,1.1227755142478544,2011,0.49999999999999994,-0.8660254037844387,2011-05-02
1294.0,0.49227,1.8075672480047296,1.0438643203011801,1.6366339577757953,0.71147,1.8566361217853975,1.0438643203011801,1.6773713945881654,0.87385,1.845403488028377,1.0438643203011801,1.6687481415402914,0.62621,1.7372154892107599,1.1227755142478544,2011,1.2246467991473532e-16,-1.0,2011-06-01
1357.25,0.57395,1.7425362104640851,1.0438643203011801,1.5391019922688076,0.49227,1.8075672480047296,1.0438643203011801,1.6580434136187927,0.9775,1.8918120011823825,1.0438643203011801,1.68064228367529,0.86398,1.7930830623706768,1.0438643203011801,2011,-0.4999999999999997,-0.8660254037844388,2011-07-01
1457.5,0.39497,1.6340526160212827,1.0438643203011801,1.6143324412726732,0.57395,1.7425362104640851,1.0438643203011801,1.6366339577757953,0.71147,1.8566361217853975,1.0438643203011801,1.623253047873922,0.82969,1.8578185042861366,1.0438643203011801,2011,-0.8660254037844384,-0.5000000000000004,2011-08-01
1179.0,0.21494,1.501921371563701,1.0438643203011801,1.7335712161760333,0.39497,1.6340526160212827,1.0438643203011801,1.5391019922688076,0.49227,1.8075672480047296,1.0438643203011801,1.6773713945881654,0.87385,1.845403488028377,1.0438643203011801,2011,-1.0,-1.8369701987210297e-16,2011-09-01
1217.25,0.09856,1.6721844516701154,1.0438643203011801,1.4023193577163247,0.21494,1.501921371563701,1.0438643203011801,1.6143324412726732,0.57395,1.7425362104640851,1.0438643203011801,1.6580434136187927,0.9775,1.8918120011823825,1.0438643203011801,2011,-0.8660254037844386,0.5000000000000001,2011-10-03
1131.25,0.13707,1.686668637304168,1.0438643203011801,1.447814451382694,0.09856,1.6721844516701154,1.0438643203011801,1.7335712161760333,0.39497,1.6340526160212827,1.0438643203011801,1.6366339577757953,0.71147,1.8566361217853975,1.0438643203011801,2011,-0.5000000000000004,0.8660254037844384,2011-11-01
1207.75,0.14447,1.686668637304168,1.0438643203011801,1.3455248290217068,0.13707,1.686668637304168,1.0438643203011801,1.4023193577163247,0.21494,1.501921371563701,1.0438643203011801,1.5391019922688076,0.49227,1.8075672480047296,1.0438643203011801,2011,-2.4492935982947064e-16,1.0,2011-12-01
1199.0,0.1461,1.7685486254803426,1.0252882388636393,1.4365150163544453,0.14447,1.686668637304168,1.0438643203011801,1.447814451382694,0.09856,1.6721844516701154,1.0438643203011801,1.6143324412726732,0.57395,1.7425362104640851,1.0438643203011801,2012,0.49999999999999994,0.8660254037844387,2012-01-03
1320.0,0.02185,1.8418563405261603,1.0252882388636393,1.4261076419863217,0.1461,1.7685486254803426,1.0252882388636393,1.3455248290217068,0.13707,1.686668637304168,1.0438643203011801,1.7335712161760333,0.39497,1.6340526160212827,1.0438643203011801,2012,0.8660254037844386,0.5000000000000001,2012-02-01
1403.0,0.16924,1.89476795743423,1.0252882388636393,1.5700267618198038,0.02185,1.8418563405261603,1.0252882388636393,1.4365150163544453,0.14447,1.686668637304168,1.0438643203011801,1.4023193577163247,0.21494,1.501921371563701,1.0438643203011801,2012,1.0,6.123233995736766e-17,2012-03-01
1505.5,0.19465,1.8684599467927874,1.0252882388636393,1.6687481415402914,0.16924,1.89476795743423,1.0252882388636393,1.4261076419863217,0.1461,1.7685486254803426,1.0252882388636393,1.447814451382694,0.09856,1.6721844516701154,1.0438643203011801,2012,0.8660254037844387,-0.4999999999999998,2012-04-02
1340.0,-0.08722,1.7428318060892698,1.0252882388636393,1.7906630984240262,0.19465,1.8684599467927874,1.0252882388636393,1.5700267618198038,0.02185,1.8418563405261603,1.0252882388636393,1.3455248290217068,0.13707,1.686668637304168,1.0438643203011801,2012,0.49999999999999994,-0.8660254037844387,2012-05-01
1427.75,-0.04815,1.8137747561336093,1.0252882388636393,1.5938150460898008,-0.08722,1.7428318060892698,1.0252882388636393,1.6687481415402914,0.16924,1.89476795743423,1.0252882388636393,1.4365150163544453,0.14447,1.686668637304168,1.0438643203011801,2012,1.2246467991473532e-16,-1.0,2012-06-01
1641.0,-0.05483,1.8288501330180313,1.0252882388636393,1.6981861433244128,-0.04815,1.8137747561336093,1.0252882388636393,1.7906630984240262,0.19465,1.8684599467927874,1.0252882388636393,1.4261076419863217,0.1461,1.7685486254803426,1.0252882388636393,2012,-0.4999999999999997,-0.8660254037844388,2012-07-02
1756.5,-0.06008,1.8681643511676027,1.0252882388636393,1.951828724353256,-0.05483,1.8288501330180313,1.0252882388636393,1.5938150460898008,-0.08722,1.7428318060892698,1.0252882388636393,1.5700267618198038,0.02185,1.8418563405261603,1.0252882388636393,2012,-0.8660254037844384,-0.5000000000000004,2012-08-01
1601.0,-0.16926,1.9154596511971622,1.0252882388636393,2.0892060660124887,-0.06008,1.8681643511676027,1.0252882388636393,1.6981861433244128,-0.04815,1.8137747561336093,1.0252882388636393,1.6687481415402914,0.16924,1.89476795743423,1.0252882388636393,2012,-1.0,-1.8369701987210297e-16,2012-09-04
1548.75,-0.09317,1.9009754655631097,1.0252882388636393,1.904252155813262,-0.16926,1.9154596511971622,1.0252882388636393,1.951828724353256,-0.05483,1.8288501330180313,1.0252882388636393,1.7906630984240262,0.19465,1.8684599467927874,1.0252882388636393,2012,-0.8660254037844386,0.5000000000000001,2012-10-01
1438.75,-0.00574,1.9331953887082471,1.0252882388636393,1.8421052631578947,-0.09317,1.9009754655631097,1.0252882388636393,2.0892060660124887,-0.06008,1.8681643511676027,1.0252882388636393,1.5938150460898008,-0.08722,1.7428318060892698,1.0252882388636393,2012,-0.5000000000000004,0.8660254037844384,2012-11-01
1409.5,-0.17238,1.9331953887082471,1.0252882388636393,1.711269699672911,-0.00574,1.9331953887082471,1.0252882388636393,1.904252155813262,-0.16926,1.9154596511971622,1.0252882388636393,1.6981861433244128,-0.04815,1.8137747561336093,1.0252882388636393,2012,-2.4492935982947064e-16,1.0,2012-12-03
1468.5,0.0844,2.058232338161395,1.1314443522520403,1.6764793339280404,-0.17238,1.9331953887082471,1.0252882388636393,1.8421052631578947,-0.09317,1.9009754655631097,1.0252882388636393,1.951828724353256,-0.05483,1.8288501330180313,1.0252882388636393,2013,0.49999999999999994,0.8660254037844387,2013-01-02
1452.25,0.1721,2.0860183269287615,1.1314443522520403,1.7466547725245316,0.0844,2.058232338161395,1.1314443522520403,1.711269699672911,-0.00574,1.9331953887082471,1.0252882388636393,2.0892060660124887,-0.06008,1.8681643511676027,1.0252882388636393,2013,0.8660254037844386,0.5000000000000001,2013-02-01
1404.75,0.05034,2.15193615134496,1.1314443522520403,1.7273267915551591,0.1721,2.0860183269287615,1.1314443522520403,1.6764793339280404,-0.17238,1.9331953887082471,1.0252882388636393,1.904252155813262,-0.16926,1.9154596511971622,1.0252882388636393,2013,1.0,6.123233995736766e-17,2013-03-01
1399.0,-0.02421,2.189476795743423,1.1314443522520403,1.6708296164139163,0.05034,2.15193615134496,1.1314443522520403,1.7466547725245316,0.0844,2.058232338161395,1.1314443522520403,1.8421052631578947,-0.09317,1.9009754655631097,1.0252882388636393,2013,0.8660254037844387,-0.4999999999999998,2013-04-01
1510.0,-0.01939,2.243275199527047,1.1314443522520403,1.663990484686292,-0.02421,2.189476795743423,1.1314443522520403,1.7273267915551591,0.1721,2.0860183269287615,1.1314443522520403,1.711269699672911,-0.00574,1.9331953887082471,1.0252882388636393,2013,0.49999999999999994,-0.8660254037844387,2013-05-01
1252.0,0.22769,2.2101684895063554,1.1314443522520403,1.7960154623847755,-0.01939,2.243275199527047,1.1314443522520403,1.6708296164139163,0.05034,2.15193615134496,1.1314443522520403,1.6764793339280404,-0.17238,1.9331953887082471,1.0252882388636393,2013,1.2246467991473532e-16,-1.0,2013-06-03
1206.25,0.54638,2.3227904227017437,1.1314443522520403,1.489146595301814,0.22769,2.2101684895063554,1.1314443522520403,1.663990484686292,-0.02421,2.189476795743423,1.1314443522520403,1.7466547725245316,0.0844,2.058232338161395,1.1314443522520403,2013,-0.4999999999999997,-0.8660254037844388,2013-07-01
1357.5,0.47507,2.2385456695240906,1.1314443522520403,1.4347308950341957,0.54638,2.3227904227017437,1.1314443522520403,1.7960154623847755,-0.01939,2.243275199527047,1.1314443522520403,1.7273267915551591,0.1721,2.0860183269287615,1.1314443522520403,2013,-0.8660254037844384,-0.5000000000000004,2013-08-01
1282.75,0.54083,2.28081584392551,1.1314443522520403,1.6146297948260482,0.47507,2.2385456695240906,1.1314443522520403,1.489146595301814,0.22769,2.2101684895063554,1.1314443522520403,1.6708296164139163,0.05034,2.15193615134496,1.1314443522520403,2013,-1.0,-1.8369701987210297e-16,2013-09-03
1266.25,0.49297,2.380135973987585,1.1314443522520403,1.5257210823669343,0.54083,2.28081584392551,1.1314443522520403,1.4347308950341957,0.54638,2.3227904227017437,1.1314443522520403,1.663990484686292,-0.02421,2.189476795743423,1.1314443522520403,2013,-0.8660254037844386,0.5000000000000001,2013-10-01
1336.5,0.48964,2.489801950931126,1.1314443522520403,1.5060957478441868,0.49297,2.380135973987585,1.1314443522520403,1.6146297948260482,0.47507,2.2385456695240906,1.1314443522520403,1.7960154623847755,-0.01939,2.243275199527047,1.1314443522520403,2013,-0.5000000000000004,0.8660254037844384,2013-11-01
1292.5,0.4183,2.489801950931126,1.1314443522520403,1.5896520963425513,0.48964,2.489801950931126,1.1314443522520403,1.5257210823669343,0.54083,2.28081584392551,1.1314443522520403,1.489146595301814,0.22769,2.2101684895063554,1.1314443522520403,2013,-2.4492935982947064e-16,1.0,2013-12-02
1282.75,0.68064,2.3890038427431275,1.3239173240535487,1.5373178709485578,0.4183,2.489801950931126,1.1314443522520403,1.5060957478441868,0.49297,2.380135973987585,1.1314443522520403,1.4347308950341957,0.54638,2.3227904227017437,1.1314443522520403,2014,0.49999999999999994,0.8660254037844387,2014-01-02
1414.0,0.50868,2.480638486550399,1.3239173240535487,1.5257210823669343,0.68064,2.3890038427431275,1.3239173240535487,1.5896520963425513,0.48964,2.489801950931126,1.1314443522520403,1.6146297948260482,0.47507,2.2385456695240906,1.1314443522520403,2014,0.8660254037844386,0.5000000000000001,2014-02-03
1464.0,0.58045,2.5305941472066213,1.3239173240535487,1.6818316978887897,0.50868,2.480638486550399,1.3239173240535487,1.5373178709485578,0.4183,2.489801950931126,1.1314443522520403,1.5257210823669343,0.54083,2.28081584392551,1.1314443522520403,2014,1.0,6.123233995736766e-17,2014-03-03
1512.75,0.70222,2.5607449009754655,1.3239173240535487,1.7413024085637823,0.58045,2.5305941472066213,1.3239173240535487,1.5257210823669343,0.68064,2.3890038427431275,1.3239173240535487,1.5060957478441868,0.49297,2.380135973987585,1.1314443522520403,2014,0.8660254037844387,-0.4999999999999998,2014-04-01
1493.25,0.62685,2.5923736328702334,1.3239173240535487,1.7992863514719002,0.70222,2.5607449009754655,1.3239173240535487,1.6818316978887897,0.50868,2.480638486550399,1.3239173240535487,1.5896520963425513,0.48964,2.489801950931126,1.1314443522520403,2014,0.49999999999999994,-0.8660254037844387,2014-05-01
1157.25,0.62453,2.6310966597694354,1.3239173240535487,1.776092774308653,0.62685,2.5923736328702334,1.3239173240535487,1.7413024085637823,0.58045,2.5305941472066213,1.3239173240535487,1.5373178709485578,0.4183,2.489801950931126,1.1314443522520403,2014,1.2246467991473532e-16,-1.0,2014-06-02
1082.0,0.59099,2.589713272243571,1.3239173240535487,1.376449598572703,0.62453,2.6310966597694354,1.3239173240535487,1.7992863514719002,0.70222,2.5607449009754655,1.3239173240535487,1.5257210823669343,0.68064,2.3890038427431275,1.3239173240535487,2014,-0.4999999999999997,-0.8660254037844388,2014-07-01
1024.25,0.64941,2.682825894176766,1.3239173240535487,1.286946179006839,0.59099,2.589713272243571,1.3239173240535487,1.776092774308653,0.62685,2.5923736328702334,1.3239173240535487,1.6818316978887897,0.50868,2.480638486550399,1.3239173240535487,2014,-0.8660254037844384,-0.5000000000000004,2014-08-01
913.25,0.58086,2.6195684303872304,1.3239173240535487,1.2182575081772227,0.64941,2.682825894176766,1.3239173240535487,1.376449598572703,0.62453,2.6310966597694354,1.3239173240535487,1.7413024085637823,0.58045,2.5305941472066213,1.3239173240535487,2014,-1.0,-1.8369701987210297e-16,2014-09-02
1049.25,0.70096,2.6636121785397577,1.3239173240535487,1.0862325304787392,0.58086,2.6195684303872304,1.3239173240535487,1.286946179006839,0.59099,2.589713272243571,1.3239173240535487,1.7992863514719002,0.70222,2.5607449009754655,1.3239173240535487,2014,-0.8660254037844386,0.5000000000000001,2014-10-01
1016.0,0.7133,2.717410582323381,1.3239173240535487,1.247992863514719,0.70096,2.6636121785397577,1.3239173240535487,1.2182575081772227,0.64941,2.682825894176766,1.3239173240535487,1.776092774308653,0.62685,2.5923736328702334,1.3239173240535487,2014,-0.5000000000000004,0.8660254037844384,2014-11-03
1023.5,0.38473,2.7283476204552173,1.3239173240535487,1.208444840915849,0.7133,2.717410582323381,1.3239173240535487,1.0862325304787392,0.58086,2.6195684303872304,1.3239173240535487,1.376449598572703,0.62453,2.6310966597694354,1.3239173240535487,2014,-2.4492935982947064e-16,1.0,2014-12-01
961.0,0.70994,2.6030150753768844,1.3234714980990478,1.2173654475170979,0.38473,2.7283476204552173,1.3239173240535487,1.247992863514719,0.70096,2.6636121785397577,1.3239173240535487,1.286946179006839,0.59099,2.589713272243571,1.3239173240535487,2015,0.49999999999999994,0.8660254037844387,2015-01-02
1031.75,0.53838,2.738693467336683,1.3234714980990478,1.1430270591733571,0.70994,2.6030150753768844,1.3234714980990478,1.208444840915849,0.7133,2.717410582323381,1.3239173240535487,1.2182575081772227,0.64941,2.682825894176766,1.3239173240535487,2015,0.8660254037844386,0.5000000000000001,2015-02-02
973.25,0.75171,2.6928761454330474,1.3234714980990478,1.2271781147784715,0.53838,2.738693467336683,1.3234714980990478,1.2173654475170979,0.38473,2.7283476204552173,1.3239173240535487,1.0862325304787392,0.58086,2.6195684303872304,1.3239173240535487,2015,1.0,6.123233995736766e-17,2015-03-02
976.0,0.41032,2.7351463198344663,1.3234714980990478,1.1575973832887303,0.75171,2.6928761454330474,1.3234714980990478,1.1430270591733571,0.70994,2.6030150753768844,1.3234714980990478,1.247992863514719,0.70096,2.6636121785397577,1.3239173240535487,2015,0.8660254037844387,-0.4999999999999998,2015-04-01
934.0,0.53392,2.7484481229677797,1.3234714980990478,1.160868272375855,0.41032,2.7351463198344663,1.3234714980990478,1.2271781147784715,0.53838,2.738693467336683,1.3234714980990478,1.208444840915849,0.7133,2.717410582323381,1.3239173240535487,2015,0.49999999999999994,-0.8660254037844387,2015-05-01
1037.25,0.55378,2.689033402305646,1.3234714980990478,1.110912875408861,0.53392,2.7484481229677797,1.3234714980990478,1.1575973832887303,0.75171,2.6928761454330474,1.3234714980990478,1.2173654475170979,0.38473,2.7283476204552173,1.3239173240535487,2015,1.2246467991473532e-16,-1.0,2015-06-01
940.25,0.66707,2.6955365060597103,1.3234714980990478,1.2337198929527209,0.55378,2.689033402305646,1.3234714980990478,1.160868272375855,0.41032,2.7351463198344663,1.3234714980990478,1.1430270591733571,0.70994,2.6030150753768844,1.3234714980990478,2015,-0.4999999999999997,-0.8660254037844388,2015-07-01
887.5,0.54831,2.5264558084540347,1.3234714980990478,1.1183467142432353,0.66707,2.6955365060597103,1.3234714980990478,1.110912875408861,0.53392,2.7484481229677797,1.3234714980990478,1.2271781147784715,0.53838,2.738693467336683,1.3234714980990478,2015,-0.8660254037844384,-0.5000000000000004,2015-08-03
892.0,0.51246,2.449009754655631,1.3234714980990478,1.055605114481118,0.54831,2.5264558084540347,1.3234714980990478,1.2337198929527209,0.55378,2.689033402305646,1.3234714980990478,1.1575973832887303,0.75171,2.6928761454330474,1.3234714980990478,2015,-1.0,-1.8369701987210297e-16,2015-09-01
885.75,0.52877,2.6257759385161097,1.3234714980990478,1.0609574784418674,0.51246,2.449009754655631,1.3234714980990478,1.1183467142432353,0.66707,2.6955365060597103,1.3234714980990478,1.160868272375855,0.41032,2.7351463198344663,1.3234714980990478,2015,-0.8660254037844386,0.5000000000000001,2015-10-01
881.0,0.66621,2.6358261897723914,1.3234714980990478,1.0535236396074934,0.52877,2.6257759385161097,1.3234714980990478,1.055605114481118,0.54831,2.5264558084540347,1.3234714980990478,1.110912875408861,0.53392,2.7484481229677797,1.3234714980990478,2015,-0.5000000000000004,0.8660254037844384,2015-11-02
864.25,0.64742,2.5802542122376586,1.3234714980990478,1.047873922093369,0.66621,2.6358261897723914,1.3234714980990478,1.0609574784418674,0.51246,2.449009754655631,1.3234714980990478,1.2337198929527209,0.55378,2.689033402305646,1.3234714980990478,2015,-2.4492935982947064e-16,1.0,2015-12-01
882.25,0.73451,2.448714159030446,1.4480922364363646,1.0279512340172465,0.64742,2.5802542122376586,1.3234714980990478,1.0535236396074934,0.52877,2.6257759385161097,1.3234714980990478,1.1183467142432353,0.66707,2.6955365060597103,1.3234714980990478,2016,0.49999999999999994,0.8660254037844387,2016-01-04
861.0,0.53874,2.4566952409104346,1.4480922364363646,1.049360689860244,0.73451,2.448714159030446,1.4480922364363646,1.047873922093369,0.66621,2.6358261897723914,1.3234714980990478,1.055605114481118,0.54831,2.5264558084540347,1.3234714980990478,2016,0.8660254037844386,0.5000000000000001,2016-02-01
910.75,0.55141,2.6195684303872304,1.4480922364363646,1.024085637823372,0.53874,2.4566952409104346,1.4480922364363646,1.0279512340172465,0.64742,2.5802542122376586,1.3234714980990478,1.0609574784418674,0.51246,2.449009754655631,1.3234714980990478,2016,1.0,6.123233995736766e-17,2016-03-01
1029.75,0.34527,2.6707064735441914,1.4480922364363646,1.0832589949449896,0.55141,2.6195684303872304,1.4480922364363646,1.049360689860244,0.73451,2.448714159030446,1.4480922364363646,1.0535236396074934,0.52877,2.6257759385161097,1.3234714980990478,2016,0.8660254037844387,-0.4999999999999998,2016-04-01
1078.5,0.41365,2.6866686373041677,1.4480922364363646,1.2247992863514718,0.34527,2.6707064735441914,1.4480922364363646,1.024085637823372,0.53874,2.4566952409104346,1.4480922364363646,1.047873922093369,0.66621,2.6358261897723914,1.3234714980990478,2016,0.49999999999999994,-0.8660254037844387,2016-05-02
1153.25,0.5191,2.7044043748152524,1.4480922364363646,1.2827832292595895,0.41365,2.6866686373041677,1.4480922364363646,1.0832589949449896,0.55141,2.6195684303872304,1.4480922364363646,1.0279512340172465,0.64742,2.5802542122376586,1.3234714980990478,2016,1.2246467991473532e-16,-1.0,2016-06-01
1003.0,0.16535,2.774164942358853,1.4480922364363646,1.3716919417187035,0.5191,2.7044043748152524,1.4480922364363646,1.2247992863514718,0.34527,2.6707064735441914,1.4480922364363646,1.049360689860244,0.73451,2.448714159030446,1.4480922364363646,2016,-0.4999999999999997,-0.8660254037844388,2016-07-01
943.0,0.22684,2.7827372154892105,1.4480922364363646,1.1929824561403508,0.16535,2.774164942358853,1.4480922364363646,1.2827832292595895,0.41365,2.6866686373041677,1.4480922364363646,1.024085637823372,0.53874,2.4566952409104346,1.4480922364363646,2016,-0.8660254037844384,-0.5000000000000004,2016-08-01
954.0,0.21607,2.7658882648536802,1.4480922364363646,1.1216176033303598,0.22684,2.7827372154892105,1.4480922364363646,1.3716919417187035,0.5191,2.7044043748152524,1.4480922364363646,1.0832589949449896,0.55141,2.6195684303872304,1.4480922364363646,2016,-1.0,-1.8369701987210297e-16,2016-09-01
1011.75,0.2898,2.7197753473248594,1.4480922364363646,1.134701159678858,0.21607,2.7658882648536802,1.4480922364363646,1.1929824561403508,0.16535,2.774164942358853,1.4480922364363646,1.2247992863514718,0.34527,2.6707064735441914,1.4480922364363646,2016,-0.8660254037844386,0.5000000000000001,2016-10-03
1032.25,0.34661,2.9515223174697014,1.4480922364363646,1.2033898305084745,0.2898,2.7197753473248594,1.4480922364363646,1.1216176033303598,0.22684,2.7827372154892105,1.4480922364363646,1.2827832292595895,0.41365,2.6866686373041677,1.4480922364363646,2016,-0.5000000000000004,0.8660254037844384,2016-11-01
1004.0,0.70046,2.9515223174697014,1.4480922364363646,1.2277728218852215,0.34661,2.9515223174697014,1.4480922364363646,1.134701159678858,0.21607,2.7658882648536802,1.4480922364363646,1.3716919417187035,0.5191,2.7044043748152524,1.4480922364363646,2016,-2.4492935982947064e-16,1.0,2016-12-01
1024.5,0.72565,2.9665976943541237,1.486891478532242,1.1941718703538506,0.70046,2.9515223174697014,1.4480922364363646,1.2033898305084745,0.2898,2.7197753473248594,1.4480922364363646,1.1929824561403508,0.16535,2.774164942358853,1.4480922364363646,2017,0.49999999999999994,0.8660254037844387,2017-01-03
1035.75,0.77438,3.075672480047295,1.486891478532242,1.2185548617305977,0.72565,2.9665976943541237,1.486891478532242,1.2277728218852215,0.34661,2.9515223174697014,1.4480922364363646,1.1216176033303598,0.22684,2.7827372154892105,1.4480922364363646,2017,0.8660254037844386,0.5000000000000001,2017-02-01
946.0,0.9165,3.033106710020691,1.486891478532242,1.231935771632471,0.77438,3.075672480047295,1.486891478532242,1.1941718703538506,0.70046,2.9515223174697014,1.4480922364363646,1.134701159678858,0.21607,2.7658882648536802,1.4480922364363646,2017,1.0,6.123233995736766e-17,2017-03-01
956.25,0.76575,3.026308010641442,1.486891478532242,1.1251858459708592,0.9165,3.033106710020691,1.486891478532242,1.2185548617305977,0.72565,2.9665976943541237,1.486891478532242,1.2033898305084745,0.2898,2.7197753473248594,1.4480922364363646,2017,0.8660254037844387,-0.4999999999999998,2017-04-03
916.0,0.77641,3.007981081879988,1.486891478532242,1.1373773416592328,0.76575,3.026308010641442,1.486891478532242,1.231935771632471,0.77438,3.075672480047295,1.486891478532242,1.2277728218852215,0.34661,2.9515223174697014,1.4480922364363646,2017,0.49999999999999994,-0.8660254037844387,2017-05-01
954.75,0.73611,3.0623706769139813,1.486891478532242,1.0895034195658637,0.77641,3.007981081879988,1.486891478532242,1.1251858459708592,0.9165,3.033106710020691,1.486891478532242,1.1941718703538506,0.70046,2.9515223174697014,1.4480922364363646,2017,1.2246467991473532e-16,-1.0,2017-06-01
1007.25,0.72502,3.0939994088087497,1.486891478532242,1.1355932203389831,0.73611,3.0623706769139813,1.486891478532242,1.1373773416592328,0.76575,3.026308010641442,1.486891478532242,1.2185548617305977,0.72565,2.9665976943541237,1.486891478532242,2017,-0.4999999999999997,-0.8660254037844388,2017-07-03
945.25,0.67086,3.0469997044043744,1.486891478532242,1.1980374665477251,0.72502,3.0939994088087497,1.486891478532242,1.0895034195658637,0.77641,3.007981081879988,1.486891478532242,1.231935771632471,0.77438,3.075672480047295,1.486891478532242,2017,-0.8660254037844384,-0.5000000000000004,2017-08-01
968.25,0.56521,3.142772686964233,1.486891478532242,1.1242937853107344,0.67086,3.0469997044043744,1.486891478532242,1.1355932203389831,0.73611,3.0623706769139813,1.486891478532242,1.1251858459708592,0.9165,3.033106710020691,1.486891478532242,2017,-1.0,-1.8369701987210297e-16,2017-09-01
984.75,0.72914,3.1752882057345553,1.486891478532242,1.1516503122212312,0.56521,3.142772686964233,1.486891478532242,1.1980374665477251,0.72502,3.0939994088087497,1.486891478532242,1.1373773416592328,0.76575,3.026308010641442,1.486891478532242,2017,-0.8660254037844386,0.5000000000000001,2017-10-02
985.75,0.75219,3.324859592078037,1.486891478532242,1.1712756467439787,0.72914,3.1752882057345553,1.486891478532242,1.1242937853107344,0.67086,3.0469997044043744,1.486891478532242,1.0895034195658637,0.77641,3.007981081879988,1.486891478532242,2017,-0.5000000000000004,0.8660254037844384,2017-11-01
961.75,0.57305,3.324859592078037,1.486891478532242,1.1724650609574785,0.75219,3.324859592078037,1.486891478532242,1.1516503122212312,0.56521,3.142772686964233,1.486891478532242,1.1355932203389831,0.73611,3.0623706769139813,1.486891478532242,2017,-2.4492935982947064e-16,1.0,2017-12-01
995.75,0.87379,3.4563996452852495,1.4924643029635043,1.143919119833482,0.57305,3.324859592078037,1.486891478532242,1.1712756467439787,0.72914,3.1752882057345553,1.486891478532242,1.1980374665477251,0.72502,3.0939994088087497,1.486891478532242,2018,0.49999999999999994,0.8660254037844387,2018-01-02
1055.5,1.08847,3.25716819391073,1.4924643029635043,1.184359203092477,0.87379,3.4563996452852495,1.4924643029635043,1.1724650609574785,0.75219,3.324859592078037,1.486891478532242,1.1242937853107344,0.67086,3.0469997044043744,1.486891478532242,2018,0.8660254037844386,0.5000000000000001,2018-02-01
1044.75,1.02954,3.185042861365652,1.4924643029635043,1.255426702349093,1.08847,3.25716819391073,1.4924643029635043,1.143919119833482,0.57305,3.324859592078037,1.486891478532242,1.1516503122212312,0.56521,3.142772686964233,1.486891478532242,2018,1.0,6.123233995736766e-17,2018-03-01
1048.5,1.01435,3.19243275199527,1.4924643029635043,1.2426404995539697,1.02954,3.185042861365652,1.4924643029635043,1.184359203092477,0.87379,3.4563996452852495,1.4924643029635043,1.1712756467439787,0.72914,3.1752882057345553,1.486891478532242,2018,0.8660254037844387,-0.4999999999999998,2018-04-02
1018.5,1.21609,3.19864026012415,1.4924643029635043,1.247100802854594,1.01435,3.19243275199527,1.4924643029635043,1.255426702349093,1.08847,3.25716819391073,1.4924643029635043,1.1724650609574785,0.75219,3.324859592078037,1.486891478532242,2018,0.49999999999999994,-0.8660254037844387,2018-05-01
880.0,1.24573,3.1959798994974875,1.4924643029635043,1.2114183764495985,1.21609,3.19864026012415,1.4924643029635043,1.2426404995539697,1.02954,3.185042861365652,1.4924643029635043,1.143919119833482,0.57305,3.324859592078037,1.486891478532242,2018,1.2246467991473532e-16,-1.0,2018-06-01
919.0,1.15523,3.328702335205439,1.4924643029635043,1.0466845078798692,1.24573,3.1959798994974875,1.4924643029635043,1.247100802854594,1.01435,3.19243275199527,1.4924643029635043,1.184359203092477,0.87379,3.4563996452852495,1.4924643029635043,2018,-0.4999999999999997,-0.8660254037844388,2018-07-02
843.5,1.25524,3.373337274608336,1.4924643029635043,1.0930716622063634,1.15523,3.328702335205439,1.4924643029635043,1.2114183764495985,1.21609,3.19864026012415,1.4924643029635043,1.255426702349093,1.08847,3.25716819391073,1.4924643029635043,2018,-0.8660254037844384,-0.5000000000000004,2018-08-01
845.5,1.13215,3.359739875849837,1.4924643029635043,1.0032708890871247,1.25524,3.373337274608336,1.4924643029635043,1.0466845078798692,1.24573,3.1959798994974875,1.4924643029635043,1.2426404995539697,1.02954,3.185042861365652,1.4924643029635043,2018,-1.0,-1.8369701987210297e-16,2018-09-04
851.75,1.30013,3.1832692876145434,1.4924643029635043,1.0056497175141244,1.13215,3.359739875849837,1.4924643029635043,1.0930716622063634,1.15523,3.328702335205439,1.4924643029635043,1.247100802854594,1.01435,3.19243275199527,1.4924643029635043,2018,-0.8660254037844386,0.5000000000000001,2018-10-01
894.75,1.30866,2.930830623706769,1.4924643029635043,1.0130835563484983,1.30013,3.1832692876145434,1.4924643029635043,1.0032708890871247,1.25524,3.373337274608336,1.4924643029635043,1.2114183764495985,1.21609,3.19864026012415,1.4924643029635043,2018,-0.5000000000000004,0.8660254037844384,2018-11-01
895.0,1.25497,2.930830623706769,1.4924643029635043,1.064228367528992,1.30866,2.930830623706769,1.4924643029635043,1.0056497175141244,1.13215,3.359739875849837,1.4924643029635043,1.0466845078798692,1.24573,3.1959798994974875,1.4924643029635043,2018,-2.4492935982947064e-16,1.0,2018-12-03
915.25,1.04043,3.1953887082471177,1.1971293762151853,1.0645257210823669,1.25497,2.930830623706769,1.4924643029635043,1.0130835563484983,1.30013,3.1832692876145434,1.4924643029635043,1.0930716622063634,1.15523,3.328702335205439,1.4924643029635043,2019,0.49999999999999994,0.8660254037844387,2019-01-02
910.25,1.06818,3.2624889151640555,1.1971293762151853,1.088611358905739,1.04043,3.1953887082471177,1.1971293762151853,1.064228367528992,1.30866,2.930830623706769,1.4924643029635043,1.0032708890871247,1.25524,3.373337274608336,1.4924643029635043,2019,0.8660254037844386,0.5000000000000001,2019-02-01
884.25,0.51721,3.2698788057936743,1.1971293762151853,1.0826642878382398,1.06818,3.2624889151640555,1.1971293762151853,1.0645257210823669,1.25497,2.930830623706769,1.4924643029635043,1.0056497175141244,1.13215,3.359739875849837,1.4924643029635043,2019,1.0,6.123233995736766e-17,2019-03-01
854.0,0.4203,3.4135382796334612,1.1971293762151853,1.0517395182872435,0.51721,3.2698788057936743,1.1971293762151853,1.088611358905739,1.04043,3.1953887082471177,1.1971293762151853,1.0130835563484983,1.30013,3.1832692876145434,1.4924643029635043,2019,0.8660254037844387,-0.4999999999999998,2019-04-01
877.75,0.54043,3.1519361513449597,1.1971293762151853,1.015759738328873,0.4203,3.4135382796334612,1.1971293762151853,1.0826642878382398,1.06818,3.2624889151640555,1.1971293762151853,1.064228367528992,1.30866,2.930830623706769,1.4924643029635043,2019,0.49999999999999994,-0.8660254037844387,2019-05-01
923.0,0.4213,3.380431569612769,1.1971293762151853,1.0440083258994945,0.54043,3.1519361513449597,1.1971293762151853,1.0517395182872435,0.51721,3.2698788057936743,1.1971293762151853,1.0645257210823669,1.25497,2.930830623706769,1.4924643029635043,2019,1.2246467991473532e-16,-1.0,2019-06-03
881.5,0.44057,3.45019213715637,1.1971293762151853,1.0978293190603627,0.4213,3.380431569612769,1.1971293762151853,1.015759738328873,0.4203,3.4135382796334612,1.1971293762151853,1.088611358905739,1.04043,3.1953887082471177,1.1971293762151853,2019,-0.4999999999999997,-0.8660254037844388,2019-07-01
869.0,0.42005,3.355601537097251,1.1971293762151853,1.0484686292001189,0.44057,3.45019213715637,1.1971293762151853,1.0440083258994945,0.54043,3.1519361513449597,1.1971293762151853,1.0826642878382398,1.06818,3.2624889151640555,1.1971293762151853,2019,-0.8660254037844384,-0.5000000000000004,2019-08-01
906.0,0.23501,3.457582027785989,1.1971293762151853,1.0336009515313709,0.42005,3.355601537097251,1.1971293762151853,1.0978293190603627,0.4213,3.380431569612769,1.1971293762151853,1.0517395182872435,0.51721,3.2698788057936743,1.1971293762151853,2019,-1.0,-1.8369701987210297e-16,2019-09-03
932.25,0.36832,3.5509902453443685,1.1971293762151853,1.0776092774308652,0.23501,3.457582027785989,1.1971293762151853,1.0484686292001189,0.44057,3.45019213715637,1.1971293762151853,1.015759738328873,0.4203,3.4135382796334612,1.1971293762151853,2019,-0.8660254037844386,0.5000000000000001,2019-10-01
876.75,0.43361,3.7951522317469704,1.1971293762151853,1.1088314005352364,0.36832,3.5509902453443685,1.1971293762151853,1.0336009515313709,0.42005,3.355601537097251,1.1971293762151853,1.0440083258994945,0.54043,3.1519361513449597,1.1971293762151853,2019,-0.5000000000000004,0.8660254037844384,2019-11-01
955.5,0.51426,3.7951522317469704,1.1971293762151853,1.0428189116859947,0.43361,3.7951522317469704,1.1971293762151853,1.0776092774308652,0.23501,3.457582027785989,1.1971293762151853,1.0978293190603627,0.4213,3.380431569612769,1.1971293762151853,2019,-2.4492935982947064e-16,1.0,2019-12-02
872.5,0.5051,3.680461129175288,1.4210578459175964,1.136485280999108,0.51426,3.7951522317469704,1.1971293762151853,1.1088314005352364,0.36832,3.5509902453443685,1.1971293762151853,1.0484686292001189,0.44057,3.45019213715637,1.1971293762151853,2020,0.49999999999999994,0.8660254037844387,2020-01-02
892.75,0.31599,3.321608040201005,1.4210578459175964,1.0377639012786202,0.5051,3.680461129175288,1.4210578459175964,1.0428189116859947,0.43361,3.7951522317469704,1.1971293762151853,1.0336009515313709,0.42005,3.355601537097251,1.1971293762151853,2020,0.8660254037844386,0.5000000000000001,2020-02-03
886.0,-0.12784,2.793083062370677,1.4210578459175964,1.0618495391019922,0.31599,3.321608040201005,1.4210578459175964,1.136485280999108,0.51426,3.7951522317469704,1.1971293762151853,1.0776092774308652,0.23501,3.457582027785989,1.1971293762151853,2020,1.0,6.123233995736766e-17,2020-03-02
855.25,-0.11159,3.1040496600650305,1.4210578459175964,1.0538209931608682,-0.12784,2.793083062370677,1.4210578459175964,1.0377639012786202,0.5051,3.680461129175288,1.4210578459175964,1.1088314005352364,0.36832,3.5509902453443685,1.1971293762151853,2020,0.8660254037844387,-0.4999999999999998,2020-04-01
840.75,-0.02786,3.19864026012415,1.4210578459175964,1.0172465060957478,-0.11159,3.1040496600650305,1.4210578459175964,1.0618495391019922,0.31599,3.321608040201005,1.4210578459175964,1.0428189116859947,0.43361,3.7951522317469704,1.1971293762151853,2020,0.49999999999999994,-0.8660254037844387,2020-05-01
882.25,-0.1537,3.1460242388412647,1.4210578459175964,1.0,-0.02786,3.19864026012415,1.4210578459175964,1.0538209931608682,-0.12784,2.793083062370677,1.4210578459175964,1.136485280999108,0.51426,3.7951522317469704,1.1971293762151853,2020,1.2246467991473532e-16,-1.0,2020-06-01
892.5,-0.34534,3.259532958912208,1.4210578459175964,1.049360689860244,-0.1537,3.1460242388412647,1.4210578459175964,1.0172465060957478,-0.11159,3.1040496600650305,1.4210578459175964,1.0377639012786202,0.5051,3.680461129175288,1.4210578459175964,2020,-0.4999999999999997,-0.8660254037844388,2020-07-01
953.5,-0.40713,3.379544782737215,1.4210578459175964,1.0615521855486174,-0.34534,3.259532958912208,1.4210578459175964,1.0,-0.02786,3.19864026012415,1.4210578459175964,1.0618495391019922,0.31599,3.321608040201005,1.4210578459175964,2020,-0.8660254037844384,-0.5000000000000004,2020-08-03
1023.5,-0.34334,3.2751995270469996,1.4210578459175964,1.1341064525721083,-0.40713,3.379544782737215,1.4210578459175964,1.049360689860244,-0.1537,3.1460242388412647,1.4210578459175964,1.0538209931608682,-0.12784,2.793083062370677,1.4210578459175964,2020,-1.0,-1.8369701987210297e-16,2020-09-01
1056.25,-0.29174,3.207508128879692,1.4210578459175964,1.2173654475170979,-0.34334,3.2751995270469996,1.4210578459175964,1.0615521855486174,-0.34534,3.259532958912208,1.4210578459175964,1.0172465060957478,-0.11159,3.1040496600650305,1.4210578459175964,2020,-0.8660254037844386,0.5000000000000001,2020-10-01
1168.5,-0.21396,3.6204552172627844,1.4210578459175964,1.2563187630092179,-0.29174,3.207508128879692,1.4210578459175964,1.1341064525721083,-0.40713,3.379544782737215,1.4210578459175964,1.0,-0.02786,3.19864026012415,1.4210578459175964,2020,-0.5000000000000004,0.8660254037844384,2020-11-02
1311.0,-0.23232,3.723913686077446,1.4210578459175964,1.3898305084745763,-0.21396,3.6204552172627844,1.4210578459175964,1.2173654475170979,-0.34334,3.2751995270469996,1.4210578459175964,1.049360689860244,-0.1537,3.1460242388412647,1.4210578459175964,2020,-2.4492935982947064e-16,1.0,2020-12-01
1370.0,-0.23502,3.6659769435412355,1.5050093499609905,1.5593220338983051,-0.23232,3.723913686077446,1.4210578459175964,1.2563187630092179,-0.29174,3.207508128879692,1.4210578459175964,1.0615521855486174,-0.34534,3.259532958912208,1.4210578459175964,2021,0.49999999999999994,0.8660254037844387,2021-01-04
1404.25,-0.23082,3.885900088678687,1.5050093499609905,1.6294974724947964,-0.23502,3.6659769435412355,1.5050093499609905,1.3898305084745763,-0.21396,3.6204552172627844,1.4210578459175964,1.1341064525721083,-0.40713,3.379544782737215,1.4210578459175964,2021,0.8660254037844386,0.5000000000000001,2021-02-01
1436.75,0.01251,4.101980490688738,1.5050093499609905,1.6702349093071662,-0.23082,3.885900088678687,1.5050093499609905,1.5593220338983051,-0.23232,3.723913686077446,1.4210578459175964,1.2173654475170979,-0.34334,3.2751995270469996,1.4210578459175964,2021,1.0,6.123233995736766e-17,2021-03-01
1534.25,0.11805,4.254803428909252,1.5050093499609905,1.7088908712459114,0.01251,4.101980490688738,1.5050093499609905,1.6294974724947964,-0.23502,3.6659769435412355,1.5050093499609905,1.2563187630092179,-0.29174,3.207508128879692,1.4210578459175964,2021,0.8660254037844387,-0.4999999999999998,2021-04-01
1530.5,0.03695,4.360331067100207,1.5050093499609905,1.8248587570621468,0.11805,4.254803428909252,1.5050093499609905,1.6702349093071662,-0.23082,3.885900088678687,1.5050093499609905,1.3898305084745763,-0.21396,3.6204552172627844,1.4210578459175964,2021,0.49999999999999994,-0.8660254037844387,2021-05-03
1399.0,0.03695,4.360331067100207,1.5050093499609905,1.8203984537615225,0.03695,4.360331067100207,1.5050093499609905,1.7088908712459114,0.01251,4.101980490688738,1.5050093499609905,1.5593220338983051,-0.23232,3.723913686077446,1.4210578459175964,2021,1.2246467991473532e-16,-1.0,2021-06-03
1349.25,0.03504,4.319834466449897,1.5050093499609905,1.663990484686292,0.03695,4.360331067100207,1.5050093499609905,1.8248587570621468,0.11805,4.254803428909252,1.5050093499609905,1.6294974724947964,-0.23502,3.6659769435412355,1.5050093499609905,2021,-0.4999999999999997,-0.8660254037844388,2021-07-01
1292.5,-0.26102,4.396098137747561,1.5050093499609905,1.6048171275646743,0.03504,4.319834466449897,1.5050093499609905,1.8203984537615225,0.03695,4.360331067100207,1.5050093499609905,1.6702349093071662,-0.23082,3.885900088678687,1.5050093499609905,2021,-0.8660254037844384,-0.5000000000000004,2021-08-02
1256.0,-0.19473,4.225539462015962,1.5050093499609905,1.5373178709485578,-0.26102,4.396098137747561,1.5050093499609905,1.663990484686292,0.03695,4.360331067100207,1.5050093499609905,1.7088908712459114,0.01251,4.101980490688738,1.5050093499609905,2021,-1.0,-1.8369701987210297e-16,2021-09-01
1249.5,0.0879,4.4218149571386345,1.5050093499609905,1.4939042521558132,-0.19473,4.225539462015962,1.5050093499609905,1.6048171275646743,0.03504,4.319834466449897,1.5050093499609905,1.8248587570621468,0.11805,4.254803428909252,1.5050093499609905,2021,-0.8660254037844386,0.5000000000000001,2021-10-01
1217.25,0.164,4.549512267218445,1.5050093499609905,1.4861730597680642,0.0879,4.4218149571386345,1.5050093499609905,1.5373178709485578,-0.26102,4.396098137747561,1.5050093499609905,1.8203984537615225,0.03695,4.360331067100207,1.5050093499609905,2021,-0.5000000000000004,0.8660254037844384,2021-11-01
1339.25,0.09169,4.549512267218445,1.5050093499609905,1.447814451382694,0.164,4.549512267218445,1.5050093499609905,1.4939042521558132,-0.19473,4.225539462015962,1.5050093499609905,1.663990484686292,0.03695,4.360331067100207,1.5050093499609905,2021,-2.4492935982947064e-16,1.0,2021-12-01
1490.5,0.3195,4.480342890925214,1.4412190863044745,1.5929229854296758,0.09169,4.549512267218445,1.5050093499609905,1.4861730597680642,0.0879,4.4218149571386345,1.5050093499609905,1.6048171275646743,0.03504,4.319834466449897,1.5050093499609905,2022,0.49999999999999994,0.8660254037844387,2022-01-03
1636.75,0.44159,4.418859000886787,1.4412190863044745,1.7728218852215285,0.3195,4.480342890925214,1.4412190863044745,1.447814451382694,0.164,4.549512267218445,1.5050093499609905,1.5373178709485578,-0.26102,4.396098137747561,1.5050093499609905,2022,0.8660254037844386,0.5000000000000001,2022-02-01
1618.25,0.34709,4.522021874076263,1.4412190863044745,1.9467737139458816,0.44159,4.418859000886787,1.4412190863044745,1.5929229854296758,0.09169,4.549512267218445,1.5050093499609905,1.4939042521558132,-0.19473,4.225539462015962,1.5050093499609905,2022,1.0,6.123233995736766e-17,2022-03-01
1684.75,0.9494,4.299142772686964,1.4412190863044745,1.9247695509961344,0.34709,4.522021874076263,1.4412190863044745,1.7728218852215285,0.3195,4.480342890925214,1.4412190863044745,1.4861730597680642,0.0879,4.4218149571386345,1.5050093499609905,2022,0.8660254037844387,-0.4999999999999998,2022-04-01
1683.25,1.2039,4.372746083357966,1.4412190863044745,2.0038655961938745,0.9494,4.299142772686964,1.4412190863044745,1.9467737139458816,0.44159,4.418859000886787,1.4412190863044745,1.447814451382694,0.164,4.549512267218445,1.5050093499609905,2022,0.49999999999999994,-0.8660254037844387,2022-05-02
1458.0,1.02509,4.013597398758498,1.4412190863044745,2.002081474873625,1.2039,4.372746083357966,1.4412190863044745,1.9247695509961344,0.34709,4.522021874076263,1.4412190863044745,1.5929229854296758,0.09169,4.549512267218445,1.5050093499609905,2022,1.2246467991473532e-16,-1.0,2022-06-01
1468.5,1.06217,4.247413538279633,1.4412190863044745,1.7341659232827833,1.02509,4.013597398758498,1.4412190863044745,2.0038655961938745,0.9494,4.299142772686964,1.4412190863044745,1.7728218852215285,0.3195,4.480342890925214,1.4412190863044745,2022,-0.4999999999999997,-0.8660254037844388,2022-07-01
1422.5,0.85563,4.113508720070943,1.4412190863044745,1.7466547725245316,1.06217,4.247413538279633,1.4412190863044745,2.002081474873625,1.2039,4.372746083357966,1.4412190863044745,1.9467737139458816,0.44159,4.418859000886787,1.4412190863044745,2022,-0.8660254037844384,-0.5000000000000004,2022-08-01
1364.75,1.20425,3.760863139225539,1.4412190863044745,1.6919417187035386,0.85563,4.113508720070943,1.4412190863044745,1.7341659232827833,1.02509,4.013597398758498,1.4412190863044745,1.9247695509961344,0.34709,4.522021874076263,1.4412190863044745,2022,-1.0,-1.8369701987210297e-16,2022-09-01
1419.5,1.79733,4.187112030741945,1.4412190863044745,1.623253047873922,1.20425,3.760863139225539,1.4412190863044745,1.7466547725245316,1.06217,4.247413538279633,1.4412190863044745,2.0038655961938745,0.9494,4.299142772686964,1.4412190863044745,2022,-0.8660254037844386,0.5000000000000001,2022-10-03
1469.5,1.93071,4.265740467041088,1.4412190863044745,1.688373476063039,1.79733,4.187112030741945,1.4412190863044745,1.6919417187035386,0.85563,4.113508720070943,1.4412190863044745,2.002081474873625,1.2039,4.372746083357966,1.4412190863044745,2022,-0.5000000000000004,0.8660254037844384,2022-11-01
1524.0,1.57613,4.265740467041088,1.4412190863044745,1.7478441867380314,1.93071,4.265740467041088,1.4412190863044745,1.623253047873922,1.20425,3.760863139225539,1.4412190863044745,1.7341659232827833,1.02509,4.013597398758498,1.4412190863044745,2022,-2.4492935982947064e-16,1.0,2022-12-01
1469.5,1.06217,4.265740467041088,1.4412190863044745,1.8126672613737733,1.57613,4.265740467041088,1.4412190863044745,1.688373476063039,1.79733,4.187112030741945,1.4412190863044745,1.7466547725245316,1.06217,4.247413538279633,1.4412190863044745,2024,0.49999999999999994,0.8660254037844387,2024-01-01
1469.0,1.133035,4.256577002660361,1.4412190863044745,1.7478441867380314,1.06217,4.265740467041088,1.4412190863044745,1.7478441867380314,1.93071,4.265740467041088,1.4412190863044745,1.6919417187035386,0.85563,4.113508720070943,1.4412190863044745,2024,0.8660254037844386,0.5000000000000001,2024-02-01
